date,solar_mwh,sunshine_h,is_curtailed,weekday,is_weekend,is_holiday,is_weekend_or_holiday,years_since_start,daylen,weather_class,amgsds_proxy_h,simplified_h,solar_mj
2018-10-01,35165.0,5.1,0,0,False,False,0,0.0,11.62580602885642,晴れ,4.13,9.1,10.52
2018-10-02,28521.0,4.3,0,1,False,False,0,0.0027378507871321013,11.590436422006345,薄曇り〜曇り,7.04,5.7,12.96
2018-10-03,39092.0,10.8,0,2,False,False,0,0.0054757015742642025,11.555140714434181,快晴,5.500000000000001,9.1,20.71
2018-10-04,11273.0,0.0,0,3,False,False,0,0.008213552361396304,11.519925690613391,曇り・雨,2.43,0.0,5.08
2018-10-05,19248.0,2.0,0,4,False,False,0,0.010951403148528405,11.48479822275264,曇り・雨,4.43,0.0,9.81
2018-10-06,15509.0,1.4,0,5,True,False,1,0.013689253935660506,11.4497652770514,曇り・雨,3.83,0.0,8.58
2018-10-07,31754.0,6.1,0,6,True,False,1,0.01642710472279261,11.41483391977296,晴れ,5.13,9.1,16.94
2018-10-08,36817.0,9.3,0,0,False,True,1,0.019164955509924708,11.38001132311904,快晴,4.000000000000001,9.1,18.4
2018-10-09,35638.0,8.0,0,1,False,False,0,0.02190280629705681,11.345304770889777,晴れ,7.03,9.1,16.5
2018-10-10,14322.0,0.1,0,2,False,False,0,0.024640657084188913,11.310721663912442,曇り・雨,2.5300000000000002,0.0,5.38
2018-10-11,9492.0,0.0,0,3,False,False,0,0.02737850787132101,11.276269525221782,曇り・雨,2.43,0.0,4.96
2018-10-12,30113.0,9.0,0,4,False,False,0,0.030116358658453114,11.241956004974472,快晴,3.7,9.1,19.14
2018-10-13,38122.0,9.8,1,5,True,False,1,0.03285420944558522,11.207788885079731,快晴,4.500000000000001,9.1,18.19
2018-10-14,26279.0,6.9,1,6,True,False,1,0.03559206023271732,11.173776083527732,晴れ,5.930000000000001,9.1,15.49
2018-10-15,26904.0,10.0,0,0,False,False,0,0.038329911019849415,11.13992565839706,快晴,4.7,9.1,17.94
2018-10-16,21487.0,4.0,0,1,False,False,0,0.04106776180698152,11.106245811522118,薄曇り〜曇り,6.74,5.7,12.37
2018-10-17,30165.0,5.7,0,2,False,False,0,0.04380561259411362,11.072744891801005,晴れ,4.73,9.1,13.37
2018-10-18,32646.0,6.9,0,3,False,False,0,0.04654346338124572,11.039431398124123,晴れ,5.930000000000001,9.1,14.29
2018-10-19,28308.0,2.1,0,4,False,False,0,0.049281314168377825,11.006313981903551,曇り・雨,4.53,0.0,8.04
2018-10-20,33073.0,8.8,1,5,True,False,1,0.05201916495550993,10.973401449182974,快晴,3.500000000000001,9.1,16.44
2018-10-21,31972.0,10.2,1,6,True,False,1,0.05475701574264202,10.940702762307847,快晴,4.8999999999999995,9.1,18.3
2018-10-22,28957.0,5.5,0,0,False,False,0,0.057494866529774126,10.90822704113544,晴れ,4.53,9.1,13.4
2018-10-23,15078.0,0.5,0,1,False,False,0,0.06023271731690623,10.8759835637644,曇り・雨,2.93,0.0,5.32
2018-10-24,32986.0,9.3,0,2,False,False,0,0.06297056810403832,10.843981766763564,快晴,4.000000000000001,9.1,15.82
2018-10-25,36006.0,10.4,0,3,False,False,0,0.06570841889117043,10.812231244879996,快晴,5.1000000000000005,9.1,17.78
2018-10-26,14250.0,0.1,0,4,False,False,0,0.06844626967830253,10.78074175020648,曇り・雨,2.5300000000000002,0.0,3.06
2018-10-27,31806.0,6.1,0,5,True,False,1,0.07118412046543464,10.74952319078915,晴れ,5.13,9.1,13.84
2018-10-28,30253.0,5.4,0,6,True,False,1,0.07392197125256673,10.718585628656472,晴れ,4.430000000000001,9.1,12.41
2018-10-29,34247.0,9.8,0,0,False,False,0,0.07665982203969883,10.687939277251441,快晴,4.500000000000001,9.1,16.55
2018-10-30,28784.0,4.4,0,1,False,False,0,0.07939767282683094,10.657594498249694,晴れ,3.4300000000000006,9.1,11.7
2018-10-31,17901.0,0.2,0,2,False,False,0,0.08213552361396304,10.627561797747116,曇り・雨,2.6300000000000003,0.0,5.51
2018-11-01,29309.0,8.3,0,3,False,False,0,0.08487337440109514,10.597851821801761,晴れ,7.330000000000001,9.1,14.94
2018-11-02,32731.0,9.3,0,4,False,False,0,0.08761122518822724,10.568475351315936,快晴,4.000000000000001,9.1,15.15
2018-11-03,31112.0,8.2,1,5,True,True,1,0.09034907597535935,10.53944329624599,晴れ,7.2299999999999995,9.1,15.67
2018-11-04,28777.0,9.8,1,6,True,False,1,0.09308692676249145,10.510766689128673,快晴,4.500000000000001,9.1,16.23
2018-11-05,33125.0,9.8,0,0,False,False,0,0.09582477754962354,10.482456677914888,快晴,4.500000000000001,9.1,16.1
2018-11-06,32365.0,9.8,0,1,False,False,0,0.09856262833675565,10.45452451810347,快晴,4.500000000000001,9.1,15.57
2018-11-07,31055.0,7.7,0,2,False,False,0,0.10130047912388775,10.42698156416979,晴れ,6.73,9.1,13.67
2018-11-08,19335.0,0.2,0,3,False,False,0,0.10403832991101986,10.399839260286221,曇り・雨,2.6300000000000003,0.0,3.49
2018-11-09,21794.0,2.3,0,4,False,False,0,0.10677618069815195,10.373109130334019,薄曇り〜曇り,5.04,5.7,7.35
2018-11-10,31589.0,9.6,1,5,True,False,1,0.10951403148528405,10.346802767208708,快晴,4.3,9.1,14.72
2018-11-11,28101.0,8.3,1,6,True,False,1,0.11225188227241616,10.320931821423939,快晴,3.000000000000001,9.1,14.03
2018-11-12,3099.0,0.0,0,0,False,False,0,0.11498973305954825,10.295507989021678,曇り・雨,2.43,0.0,1.78
2018-11-13,23896.0,7.3,0,1,False,False,0,0.11772758384668036,10.270542998799677,晴れ,6.33,9.1,12.98
2018-11-14,29331.0,6.7,0,2,False,False,0,0.12046543463381246,10.24604859887048,晴れ,5.73,9.1,12.6
2018-11-15,32011.0,9.6,0,3,False,False,0,0.12320328542094455,10.222036542569487,快晴,4.3,9.1,15.02
2018-11-16,7765.0,0.1,0,4,False,False,0,0.12594113620807665,10.198518573733121,曇り・雨,2.5300000000000002,0.0,3.88
2018-11-17,25767.0,7.5,0,5,True,False,1,0.12867898699520877,10.175506411371734,晴れ,6.53,9.1,12.12
2018-11-18,17607.0,2.5,0,6,True,False,1,0.13141683778234087,10.153011733765432,薄曇り〜曇り,5.24,5.7,6.31
2018-11-19,14957.0,0.9,0,0,False,False,0,0.13415468856947296,10.13104616201481,曇り・雨,3.33,0.0,5.22
2018-11-20,26464.0,4.0,0,1,False,False,0,0.13689253935660506,10.109621243082191,薄曇り〜曇り,6.74,5.7,8.35
2018-11-21,14168.0,1.7,0,2,False,False,0,0.13963039014373715,10.088748432362745,曇り・雨,4.13,0.0,7.08
2018-11-22,18460.0,0.3,0,3,False,False,0,0.14236824093086928,10.068439075828586,曇り・雨,2.73,0.0,2.77
2018-11-23,27261.0,5.1,0,4,False,True,1,0.14510609171800137,10.048704391792477,晴れ,4.13,9.1,9.41
2018-11-24,27786.0,8.1,0,5,True,False,1,0.14784394250513347,10.029555452341455,快晴,2.8,9.1,14.07
2018-11-25,22354.0,6.4,0,6,True,False,1,0.15058179329226556,10.01100316449404,晴れ,5.430000000000001,9.1,11.09
2018-11-26,11910.0,1.6,0,0,False,False,0,0.15331964407939766,9.993058251138,曇り・雨,4.03,0.0,7.13
2018-11-27,12345.0,3.9,0,1,False,False,0,0.15605749486652978,9.975731231808803,薄曇り〜曇り,6.640000000000001,5.7,9.38
2018-11-28,4403.0,0.0,0,2,False,False,0,0.15879534565366188,9.959032403371644,曇り・雨,2.43,0.0,2.86
2018-11-29,28211.0,8.6,0,3,False,False,0,0.16153319644079397,9.942971820672772,快晴,3.3,9.1,12.12
2018-11-30,25450.0,8.1,0,4,False,False,0,0.16427104722792607,9.927559277227983,快晴,2.8,9.1,11.31
2018-12-01,21569.0,6.3,0,5,True,False,1,0.16700889801505817,9.912804286018348,晴れ,5.33,9.1,10.31
2018-12-02,11047.0,4.8,0,6,True,False,1,0.1697467488021903,9.898716060464855,晴れ,3.83,9.1,8.13
2018-12-03,5916.0,0.0,0,0,False,False,0,0.17248459958932238,9.88530349565499,曇り・雨,2.43,0.0,4.17
2018-12-04,11700.0,3.0,0,1,False,False,0,0.17522245037645448,9.872575149895196,薄曇り〜曇り,5.74,5.7,7.08
2018-12-05,21820.0,5.2,0,2,False,False,0,0.17796030116358658,9.860539226663656,晴れ,4.23,9.1,9.08
2018-12-06,7329.0,0.0,0,3,False,False,0,0.1806981519507187,9.849203557037837,曇り・雨,2.43,0.0,1.4
2018-12-07,6843.0,0.0,0,4,False,False,0,0.1834360027378508,9.838575582670936,曇り・雨,2.43,0.0,1.79
2018-12-08,14815.0,3.7,0,5,True,False,1,0.1861738535249829,9.828662339390293,薄曇り〜曇り,6.44,5.7,8.14
2018-12-09,12323.0,0.3,0,6,True,False,1,0.188911704312115,9.81947044148967,曇り・雨,2.73,0.0,4.85
2018-12-10,12426.0,3.6,0,0,False,False,0,0.19164955509924708,9.811006066785255,薄曇り〜曇り,6.34,5.7,7.25
2018-12-11,4070.0,0.0,0,1,False,False,0,0.1943874058863792,9.803274942503,曇り・雨,2.43,0.0,1.66
2018-12-12,15123.0,1.5,0,2,False,False,0,0.1971252566735113,9.796282332062013,曇り・雨,3.93,0.0,5.23
2018-12-13,13861.0,0.7,0,3,False,False,0,0.1998631074606434,9.790033022815427,曇り・雨,3.13,0.0,3.28
2018-12-14,20871.0,4.3,0,4,False,False,0,0.2026009582477755,9.784531314806436,晴れ,3.33,9.1,8.06
2018-12-15,27675.0,8.8,0,5,True,False,1,0.2053388090349076,9.779781010592892,快晴,3.500000000000001,9.1,12.24
2018-12-16,3698.0,0.0,0,6,True,False,1,0.2080766598220397,9.77578540618937,曇り・雨,2.43,0.0,1.61
2018-12-17,17421.0,2.4,0,0,False,False,0,0.2108145106091718,9.772547283170494,薄曇り〜曇り,5.140000000000001,5.7,5.89
2018-12-18,19813.0,1.3,0,1,False,False,0,0.2135523613963039,9.770068901974058,曇り・雨,3.7300000000000004,0.0,3.76
2018-12-19,23001.0,4.9,0,2,False,False,0,0.216290212183436,9.768351996436788,晴れ,3.9300000000000006,9.1,8.83
2018-12-20,6851.0,0.0,0,3,False,False,0,0.2190280629705681,9.767397769589689,曇り・雨,2.43,0.0,4.1
2018-12-21,7597.0,0.1,0,4,False,False,0,0.22176591375770022,9.767206890733803,曇り・雨,2.5300000000000002,0.0,3.38
2018-12-22,20142.0,3.0,0,5,True,False,1,0.2245037645448323,9.767779493810915,薄曇り〜曇り,5.74,5.7,7.12
2018-12-23,6903.0,0.0,0,6,True,True,1,0.2272416153319644,9.76911517707727,曇り・雨,2.43,0.0,1.17
2018-12-24,25132.0,6.8,0,0,False,True,1,0.2299794661190965,9.771213004081984,晴れ,5.83,9.1,10.66
2018-12-25,25590.0,7.7,0,1,False,False,0,0.2327173169062286,9.77407150594522,晴れ,6.73,9.1,11.95
2018-12-26,4924.0,0.0,0,2,False,False,0,0.23545516769336072,9.777688684924854,曇り・雨,2.43,0.0,1.08
2018-12-27,27043.0,8.0,0,3,False,False,0,0.23819301848049282,9.782062019253905,快晴,2.7,9.1,11.84
2018-12-28,16787.0,2.6,0,4,False,False,0,0.24093086926762491,9.787188469224839,薄曇り〜曇り,5.34,5.7,6.95
2018-12-29,24231.0,4.0,0,5,True,False,1,0.243668720054757,9.79306448449081,晴れ,3.0300000000000002,9.1,7.91
2018-12-30,22226.0,0.5,0,6,True,False,1,0.2464065708418891,9.799686012548124,曇り・雨,2.93,0.0,3.25
2018-12-31,20263.0,7.6,0,0,False,False,0,0.24914442162902123,9.80704850835871,晴れ,6.63,9.1,11.72
2019-01-01,10373.0,1.3,0,1,False,True,1,0.2518822724161533,9.815146945066195,曇り・雨,3.7300000000000004,0.0,3.51
2019-01-02,18349.0,6.0,0,2,False,False,0,0.2546201232032854,9.823975825754422,晴れ,5.03,9.1,10.51
2019-01-03,27038.0,8.5,1,3,False,False,0,0.25735797399041754,9.833529196192758,快晴,3.2,9.1,12.73
2019-01-04,22473.0,3.7,0,4,False,False,0,0.2600958247775496,9.843800658508634,薄曇り〜曇り,6.44,5.7,7.66
2019-01-05,8959.0,1.5,0,5,True,False,1,0.26283367556468173,9.854783385724152,曇り・雨,3.93,0.0,4.86
2019-01-06,22952.0,5.5,0,6,True,False,1,0.2655715263518138,9.866470137090555,晴れ,4.53,9.1,9.21
2019-01-07,28465.0,9.0,0,0,False,False,0,0.2683093771389459,9.878853274151734,快晴,3.7,9.1,12.89
2019-01-08,12037.0,1.7,0,1,False,False,0,0.27104722792607805,9.891924777465883,曇り・雨,4.13,0.0,5.3
2019-01-09,18173.0,0.7,0,2,False,False,0,0.2737850787132101,9.90567626391272,曇り・雨,3.13,0.0,5.0
2019-01-10,10595.0,0.0,0,3,False,False,0,0.27652292950034224,9.92009900451261,曇り・雨,2.43,0.0,1.31
2019-01-11,13383.0,1.7,0,4,False,False,0,0.2792607802874743,9.935183942683263,曇り・雨,4.13,0.0,6.86
2019-01-12,13349.0,4.5,0,5,True,False,1,0.28199863107460643,9.950921712859504,晴れ,3.5300000000000002,9.1,10.5
2019-01-13,16043.0,1.2,0,6,True,False,1,0.28473648186173856,9.96730265940185,曇り・雨,3.63,0.0,6.0
2019-01-14,27953.0,6.7,0,0,False,True,1,0.2874743326488706,9.984316855720381,晴れ,5.73,9.1,11.77
2019-01-15,9716.0,0.2,0,1,False,False,0,0.29021218343600275,10.001954123541493,曇り・雨,2.6300000000000003,0.0,3.42
2019-01-16,22792.0,3.5,0,2,False,False,0,0.2929500342231348,10.020204052246623,薄曇り〜曇り,6.24,5.7,8.45
2019-01-17,20189.0,3.9,0,3,False,False,0,0.29568788501026694,10.039056018213923,薄曇り〜曇り,6.640000000000001,5.7,8.32
2019-01-18,31518.0,8.9,0,4,False,False,0,0.29842573579739906,10.058499204096071,快晴,3.6000000000000005,9.1,13.32
2019-01-19,23598.0,5.3,0,5,True,False,1,0.30116358658453113,10.07852261796985,晴れ,4.33,9.1,10.08
2019-01-20,16607.0,5.2,0,6,True,False,1,0.30390143737166325,10.099115112295992,晴れ,4.23,9.1,9.64
2019-01-21,32070.0,8.6,0,0,False,False,0,0.3066392881587953,10.120265402630674,快晴,3.3,9.1,13.91
2019-01-22,27561.0,8.2,0,1,False,False,0,0.30937713894592744,10.14196208603335,快晴,2.8999999999999995,9.1,12.82
2019-01-23,29680.0,9.1,0,2,False,False,0,0.31211498973305957,10.164193659118924,快晴,3.8,9.1,13.85
2019-01-24,29216.0,7.5,0,3,False,False,0,0.31485284052019163,10.186948535705747,晴れ,6.53,9.1,12.73
2019-01-25,30214.0,6.9,0,4,False,False,0,0.31759069130732376,10.210215064014584,晴れ,5.930000000000001,9.1,12.26
2019-01-26,22778.0,1.4,0,5,True,False,1,0.3203285420944558,10.233981543377325,曇り・雨,3.83,0.0,5.56
2019-01-27,33019.0,9.3,0,6,True,False,1,0.32306639288158795,10.258236240417924,快晴,4.000000000000001,9.1,15.27
2019-01-28,16647.0,1.1,0,0,False,False,0,0.3258042436687201,10.28296740467179,曇り・雨,3.5300000000000002,0.0,3.12
2019-01-29,32806.0,7.2,0,1,False,False,0,0.32854209445585214,10.308163283613561,晴れ,6.23,9.1,13.12
2019-01-30,18932.0,1.7,0,2,False,False,0,0.33127994524298426,10.333812137066827,曇り・雨,4.13,0.0,8.29
2019-01-31,2682.0,0.0,0,3,False,False,0,0.33401779603011633,10.35990225097301,曇り・雨,2.43,0.0,0.89
2019-02-01,24920.0,4.8,0,4,False,False,0,0.33675564681724846,10.386421950500111,晴れ,3.83,9.1,11.05
2019-02-02,30782.0,3.5,0,5,True,False,1,0.3394934976043806,10.413359612475453,薄曇り〜曇り,6.24,5.7,8.66
2019-02-03,6051.0,0.0,0,6,True,False,1,0.34223134839151265,10.440703677129822,曇り・雨,2.43,0.0,2.43
2019-02-04,34271.0,8.9,0,0,False,False,0,0.34496919917864477,10.468442659143651,快晴,3.6000000000000005,9.1,15.43
2019-02-05,18708.0,7.4,0,1,False,False,0,0.34770704996577684,10.496565157988822,晴れ,6.430000000000001,9.1,14.38
2019-02-06,21281.0,2.2,0,2,False,False,0,0.35044490075290896,10.52505986756259,薄曇り〜曇り,4.94,5.7,8.0
2019-02-07,11037.0,0.4,0,3,False,False,0,0.3531827515400411,10.553915585112831,曇り・雨,2.83,0.0,2.32
2019-02-08,15575.0,1.0,0,4,False,False,0,0.35592060232717315,10.583121219456336,曇り・雨,3.43,0.0,7.59
2019-02-09,10684.0,0.6,0,5,True,False,1,0.3586584531143053,10.61266579849426,曇り・雨,3.0300000000000002,0.0,2.83
2019-02-10,28026.0,7.2,0,6,True,False,1,0.3613963039014374,10.64253847603102,晴れ,6.23,9.1,15.01
2019-02-11,12501.0,2.8,0,0,False,True,1,0.36413415468856947,10.672728537904959,薄曇り〜曇り,5.54,5.7,6.49
2019-02-12,36320.0,9.1,0,1,False,False,0,0.3668720054757016,10.703225407440916,快晴,3.8,9.1,16.41
2019-02-13,31534.0,8.4,0,2,False,False,0,0.36960985626283366,10.734018650236571,晴れ,7.430000000000001,9.1,14.46
2019-02-14,16003.0,2.2,0,3,False,False,0,0.3723477070499658,10.765097978295838,薄曇り〜曇り,4.94,5.7,9.41
2019-02-15,6342.0,0.0,0,4,False,False,0,0.3750855578370979,10.796453253524026,曇り・雨,2.43,0.0,2.61
2019-02-16,21163.0,1.6,0,5,True,False,1,0.37782340862423,10.828074490600576,曇り・雨,4.03,0.0,7.92
2019-02-17,37085.0,9.1,0,6,True,False,1,0.3805612594113621,10.859951859246248,快晴,3.8,9.1,17.87
2019-02-18,27576.0,5.4,0,0,False,False,0,0.38329911019849416,10.892075685902512,晴れ,4.430000000000001,9.1,12.3
2019-02-19,9023.0,2.5,0,1,False,False,0,0.3860369609856263,10.924436454841596,薄曇り〜曇り,5.24,5.7,7.86
2019-02-20,28494.0,2.9,0,2,False,False,0,0.3887748117727584,10.95702480872628,薄曇り〜曇り,5.640000000000001,5.7,8.84
2019-02-21,35890.0,8.2,0,3,False,False,0,0.3915126625598905,10.989831548638971,晴れ,7.2299999999999995,9.1,16.59
2019-02-22,8707.0,0.5,0,4,False,False,0,0.3942505133470226,11.022847633600014,曇り・雨,2.93,0.0,6.88
2019-02-23,34407.0,4.0,0,5,True,False,1,0.39698836413415467,11.056064179595328,薄曇り〜曇り,6.74,5.7,10.5
2019-02-24,22205.0,9.5,1,6,True,False,1,0.3997262149212868,11.089472458133766,快晴,4.2,9.1,16.52
2019-02-25,28583.0,8.8,0,0,False,False,0,0.4024640657084189,11.123063894354518,晴れ,7.830000000000001,9.1,16.33
2019-02-26,40487.0,9.9,0,1,False,False,0,0.405201916495551,11.156830064704923,快晴,4.6000000000000005,9.1,17.78
2019-02-27,9584.0,0.1,0,2,False,False,0,0.4079397672826831,11.190762694208985,曇り・雨,2.5300000000000002,0.0,4.21
2019-02-28,20622.0,3.6,0,3,False,False,0,0.4106776180698152,11.224853653346617,薄曇り〜曇り,6.34,5.7,9.4
2019-03-01,34597.0,5.2,0,4,False,False,0,0.4134154688569473,11.259094954563576,晴れ,4.23,9.1,14.07
2019-03-02,10168.0,0.0,1,5,True,False,1,0.4161533196440794,11.2934787484316,曇り・雨,2.43,0.0,5.16
2019-03-03,6489.0,0.0,0,6,True,False,1,0.4188911704312115,11.327997319478118,曇り・雨,2.43,0.0,4.37
2019-03-04,20314.0,1.3,0,0,False,False,0,0.4216290212183436,11.362643081704407,曇り・雨,3.7300000000000004,0.0,7.89
2019-03-05,35179.0,8.0,1,1,False,False,0,0.4243668720054757,11.397408573810802,晴れ,7.03,9.1,17.72
2019-03-06,3730.0,0.0,0,2,False,False,0,0.4271047227926078,11.432286454147071,曇り・雨,2.43,0.0,1.83
2019-03-07,24442.0,2.3,0,3,False,False,0,0.42984257357973993,11.467269495405722,薄曇り〜曇り,5.04,5.7,9.62
2019-03-08,40706.0,10.6,1,4,False,False,0,0.432580424366872,11.50235057907555,快晴,5.3,9.1,21.34
2019-03-09,35582.0,9.8,0,5,True,False,1,0.4353182751540041,11.537522689672278,快晴,4.500000000000001,9.1,18.98
2019-03-10,3903.0,0.0,0,6,True,False,1,0.4380561259411362,11.572778908762738,曇り・雨,2.43,0.0,1.57
2019-03-11,39339.0,9.7,1,0,False,False,0,0.4407939767282683,11.608112408798625,快晴,4.3999999999999995,9.1,20.28
2019-03-12,17914.0,7.8,1,1,False,False,0,0.44353182751540043,11.64351644677538,晴れ,6.83,9.1,17.96
2019-03-13,16339.0,8.9,1,2,False,False,0,0.4462696783025325,11.678984357731407,晴れ,7.930000000000001,9.1,21.16
2019-03-14,14783.0,3.5,0,3,False,False,0,0.4490075290896646,11.714509548102436,薄曇り〜曇り,6.24,5.7,12.88
2019-03-15,14448.0,7.0,1,4,False,False,0,0.4517453798767967,11.75008548894542,晴れ,6.03,9.1,16.19
2019-03-16,13745.0,8.3,1,5,True,False,1,0.4544832306639288,11.785705709046084,晴れ,7.330000000000001,9.1,19.93
2019-03-17,13543.0,8.5,1,6,True,False,1,0.45722108145106094,11.821363787923891,晴れ,7.53,9.1,20.8
2019-03-18,13169.0,6.5,0,0,False,False,0,0.459958932238193,11.85705334874787,晴れ,5.53,9.1,15.69
2019-03-19,12787.0,6.3,0,1,False,False,0,0.46269678302532513,11.892768051176587,晴れ,5.33,9.1,16.55
2019-03-20,12523.0,7.3,1,2,False,False,0,0.4654346338124572,11.928501584135189,晴れ,6.33,9.1,18.27
2019-03-21,12725.0,7.0,0,3,False,True,1,0.4681724845995893,11.964247658542385,晴れ,6.03,9.1,17.95
2019-03-22,13461.0,4.1,0,4,False,False,0,0.47091033538672145,12.0,薄曇り〜曇り,6.84,5.7,14.4
2019-03-23,12614.0,6.1,1,5,True,False,1,0.4736481861738535,12.035752341457613,晴れ,5.13,9.1,15.23
2019-03-24,12194.0,9.8,1,6,True,False,1,0.47638603696098564,12.07149841586481,快晴,4.500000000000001,9.1,23.21
2019-03-25,12030.0,0.1,0,0,False,False,0,0.4791238877481177,12.107231948823411,曇り・雨,2.5300000000000002,0.0,5.25
2019-03-26,11314.0,10.6,1,1,False,False,0,0.48186173853524983,12.142946651252128,快晴,5.3,9.1,21.87
2019-03-27,10805.0,10.7,1,2,False,False,0,0.48459958932238195,12.178636212076109,快晴,5.3999999999999995,9.1,22.04
2019-03-28,10278.0,6.5,0,3,False,False,0,0.487337440109514,12.214294290953914,晴れ,5.53,9.1,19.08
2019-03-29,10054.0,9.0,0,4,False,False,0,0.49007529089664614,12.24991451105458,晴れ,8.03,9.1,20.39
2019-03-30,9219.0,6.9,1,5,True,False,1,0.4928131416837782,12.285490451897562,晴れ,5.930000000000001,9.1,18.79
2019-03-31,8953.0,4.8,1,6,True,False,1,0.49555099247091033,12.321015642268591,薄曇り〜曇り,7.54,5.7,15.75
2019-04-01,42320.0,7.8,1,0,False,False,0,0.49828884325804246,12.35648355322462,晴れ,6.83,9.1,20.29
2019-04-02,39616.0,11.1,1,1,False,False,0,0.5010266940451745,12.391887591201373,快晴,5.8,9.1,24.59
2019-04-03,42269.0,9.4,1,2,False,False,0,0.5037645448323066,12.42722109123726,晴れ,8.43,9.1,23.55
2019-04-04,45245.0,10.8,1,3,False,False,0,0.5065023956194388,12.462477310327722,快晴,5.500000000000001,9.1,25.49
2019-04-05,24996.0,8.1,0,4,False,False,0,0.5092402464065708,12.497649420924448,晴れ,7.13,9.1,16.79
2019-04-06,38466.0,11.4,1,5,True,False,1,0.5119780971937029,12.532730504594277,快晴,6.1000000000000005,9.1,24.58
2019-04-07,31976.0,8.4,1,6,True,False,1,0.5147159479808351,12.567713545852929,晴れ,7.430000000000001,9.1,20.36
2019-04-08,42295.0,10.7,1,0,False,False,0,0.5174537987679672,12.602591426189196,快晴,5.3999999999999995,9.1,24.5
2019-04-09,40479.0,7.6,1,1,False,False,0,0.5201916495550992,12.637356918295591,晴れ,6.63,9.1,20.2
2019-04-10,14372.0,0.0,0,2,False,False,0,0.5229295003422314,12.672002680521882,曇り・雨,2.43,0.0,4.07
2019-04-11,23651.0,0.7,0,3,False,False,0,0.5256673511293635,12.706521251568399,曇り・雨,3.13,0.0,8.4
2019-04-12,40060.0,9.2,1,4,False,False,0,0.5284052019164955,12.740905045436424,晴れ,8.229999999999999,9.1,23.11
2019-04-13,39837.0,6.2,1,5,True,False,1,0.5311430527036276,12.775146346653381,晴れ,5.23,9.1,18.75
2019-04-14,9774.0,0.6,0,6,True,False,1,0.5338809034907598,12.809237305791015,曇り・雨,3.0300000000000002,0.0,6.36
2019-04-15,45768.0,9.9,1,0,False,False,0,0.5366187542778919,12.843169935295075,晴れ,8.93,9.1,25.97
2019-04-16,41283.0,9.8,1,1,False,False,0,0.5393566050650239,12.87693610564548,晴れ,8.83,9.1,22.48
2019-04-17,28644.0,6.2,0,2,False,False,0,0.5420944558521561,12.910527541866232,晴れ,5.23,9.1,18.62
2019-04-18,47146.0,10.8,1,3,False,False,0,0.5448323066392882,12.94393582040467,快晴,5.500000000000001,9.1,23.68
2019-04-19,43383.0,7.5,1,4,False,False,0,0.5475701574264202,12.977152366399984,晴れ,6.53,9.1,19.84
2019-04-20,39543.0,11.7,1,5,True,False,1,0.5503080082135524,13.010168451361027,快晴,6.3999999999999995,9.1,24.96
2019-04-21,39115.0,10.8,1,6,True,False,1,0.5530458590006845,13.042975191273719,快晴,5.500000000000001,9.1,24.57
2019-04-22,37155.0,9.7,1,0,False,False,0,0.5557837097878165,13.075563545158403,晴れ,8.729999999999999,9.1,24.39
2019-04-23,10495.0,0.0,0,1,False,False,0,0.5585215605749486,13.107924314097488,曇り・雨,2.43,0.0,3.96
2019-04-24,13476.0,1.3,0,2,False,False,0,0.5612594113620808,13.14004814075375,曇り・雨,3.7300000000000004,0.0,10.83
2019-04-25,26002.0,0.0,0,3,False,False,0,0.5639972621492129,13.171925509399422,曇り・雨,2.43,0.0,7.39
2019-04-26,30803.0,0.0,1,4,False,False,0,0.5667351129363449,13.203546746475972,曇り・雨,2.43,0.0,6.27
2019-04-27,45761.0,10.4,1,5,True,False,1,0.5694729637234771,13.234902021704162,晴れ,9.43,9.1,26.56
2019-04-28,25662.0,1.7,1,6,True,False,1,0.5722108145106092,13.265981349763429,曇り・雨,4.13,0.0,11.67
2019-04-29,6999.0,0.0,0,0,False,True,1,0.5749486652977412,13.296774592559082,曇り・雨,2.43,0.0,3.73
2019-04-30,7065.0,0.0,0,1,False,True,1,0.5776865160848734,13.327271462095041,曇り・雨,2.43,0.0,4.72
2019-05-01,13724.0,1.8,0,2,False,True,1,0.5804243668720055,13.357461523968977,曇り・雨,4.23,0.0,9.43
2019-05-02,39010.0,11.8,1,3,False,True,1,0.5831622176591376,13.38733420150574,快晴,6.500000000000001,9.1,26.63
2019-05-03,40726.0,12.3,1,4,False,True,1,0.5859000684462696,13.416878780543664,快晴,7.000000000000001,9.1,28.18
2019-05-04,40516.0,12.4,1,5,True,True,1,0.5886379192334018,13.446084414887167,快晴,7.1000000000000005,9.1,27.71
2019-05-05,42972.0,11.6,1,6,True,True,1,0.5913757700205339,13.474940132437409,快晴,6.3,9.1,23.62
2019-05-06,28025.0,5.6,1,0,False,True,1,0.5941136208076659,13.503434842011178,晴れ,4.63,9.1,15.55
2019-05-07,51959.0,13.1,1,1,False,False,0,0.5968514715947981,13.531557340856347,快晴,7.8,9.1,29.87
2019-05-08,45804.0,10.8,1,2,False,False,0,0.5995893223819302,13.559296322870177,晴れ,9.83,9.1,26.08
2019-05-09,24543.0,6.1,0,3,False,False,0,0.6023271731690623,13.586640387524545,晴れ,5.13,9.1,19.44
2019-05-10,43818.0,12.5,1,4,False,False,0,0.6050650239561944,13.613578049499889,快晴,7.2,9.1,27.94
2019-05-11,43577.0,11.7,1,5,True,False,1,0.6078028747433265,13.64009774902699,快晴,6.3999999999999995,9.1,27.08
2019-05-12,38805.0,7.0,1,6,True,False,1,0.6105407255304586,13.666187862933171,晴れ,6.03,9.1,20.18
2019-05-13,41806.0,5.5,0,0,False,False,0,0.6132785763175906,13.691836716386437,晴れ,4.53,9.1,19.89
2019-05-14,27667.0,6.0,0,1,False,False,0,0.6160164271047228,13.71703259532821,晴れ,5.03,9.1,18.87
2019-05-15,50128.0,11.7,0,2,False,False,0,0.6187542778918549,13.741763759582074,快晴,6.3999999999999995,9.1,26.14
2019-05-16,45505.0,11.1,0,3,False,False,0,0.621492128678987,13.766018456622673,快晴,5.8,9.1,26.95
2019-05-17,44390.0,10.0,0,4,False,False,0,0.6242299794661191,13.789784935985415,晴れ,9.03,9.1,24.21
2019-05-18,9441.0,0.4,0,5,True,False,1,0.6269678302532512,13.81305146429425,曇り・雨,2.83,0.0,7.02
2019-05-19,18541.0,0.6,0,6,True,False,1,0.6297056810403833,13.835806340881074,曇り・雨,3.0300000000000002,0.0,10.83
2019-05-20,17823.0,3.4,0,0,False,False,0,0.6324435318275154,13.85803791396665,薄曇り〜曇り,6.140000000000001,5.7,10.38
2019-05-21,58638.0,12.7,0,1,False,False,0,0.6351813826146475,13.879734597369325,快晴,7.3999999999999995,9.1,30.03
2019-05-22,57881.0,12.9,0,2,False,False,0,0.6379192334017796,13.900884887704006,快晴,7.6000000000000005,9.1,24.27
2019-05-23,55905.0,12.9,0,3,False,False,0,0.6406570841889117,13.921477382030147,快晴,7.6000000000000005,9.1,27.59
2019-05-24,55204.0,12.7,0,4,False,False,0,0.6433949349760438,13.941500795903929,快晴,7.3999999999999995,9.1,27.2
2019-05-25,51491.0,12.5,0,5,True,False,1,0.6461327857631759,13.960943981786077,快晴,7.2,9.1,25.69
2019-05-26,48035.0,9.2,0,6,True,False,1,0.648870636550308,13.979795947753377,晴れ,8.229999999999999,9.1,24.98
2019-05-27,16897.0,0.0,0,0,False,False,0,0.6516084873374401,13.998045876458507,曇り・雨,2.43,0.0,5.23
2019-05-28,26094.0,4.2,0,1,False,False,0,0.6543463381245722,14.015683144279617,薄曇り〜曇り,6.94,5.7,16.34
2019-05-29,41099.0,9.7,0,2,False,False,0,0.6570841889117043,14.03269734059815,晴れ,8.729999999999999,9.1,24.27
2019-05-30,50191.0,10.1,0,3,False,False,0,0.6598220396988365,14.049078287140494,晴れ,9.129999999999999,9.1,23.49
2019-05-31,14971.0,0.0,0,4,False,False,0,0.6625598904859685,14.064816057316735,曇り・雨,2.43,0.0,5.38
2019-06-01,39661.0,10.2,0,5,True,False,1,0.6652977412731006,14.079900995487389,晴れ,9.229999999999999,9.1,25.41
2019-06-02,11791.0,1.5,0,6,True,False,1,0.6680355920602327,14.09432373608728,曇り・雨,3.93,0.0,10.67
2019-06-03,28672.0,10.1,0,0,False,False,0,0.6707734428473648,14.108075222534115,晴れ,9.129999999999999,9.1,22.48
2019-06-04,20022.0,3.9,0,1,False,False,0,0.6735112936344969,14.121146725848265,薄曇り〜曇り,6.640000000000001,5.7,15.38
2019-06-05,48584.0,10.7,0,2,False,False,0,0.676249144421629,14.133529862909443,晴れ,9.729999999999999,9.1,26.54
2019-06-06,50133.0,10.9,0,3,False,False,0,0.6789869952087612,14.145216614275846,晴れ,9.93,9.1,24.81
2019-06-07,18210.0,2.6,0,4,False,False,0,0.6817248459958932,14.156199341491366,曇り・雨,5.03,0.0,13.09
2019-06-08,33347.0,4.3,0,5,True,False,1,0.6844626967830253,14.16647080380724,薄曇り〜曇り,7.04,5.7,16.22
2019-06-09,37179.0,4.7,0,6,True,False,1,0.6872005475701575,14.176024174245576,薄曇り〜曇り,7.44,5.7,20.07
2019-06-10,49592.0,10.5,0,0,False,False,0,0.6899383983572895,14.184853054933804,晴れ,9.53,9.1,27.32
2019-06-11,46776.0,12.7,0,1,False,False,0,0.6926762491444216,14.19295149164129,快晴,7.3999999999999995,9.1,28.68
2019-06-12,47854.0,7.0,0,2,False,False,0,0.6954140999315537,14.200313987451876,晴れ,6.03,9.1,22.99
2019-06-13,50505.0,12.3,0,3,False,False,0,0.6981519507186859,14.20693551550919,快晴,7.000000000000001,9.1,28.04
2019-06-14,10087.0,0.0,0,4,False,False,0,0.7008898015058179,14.212811530775161,曇り・雨,2.43,0.0,6.32
2019-06-15,18770.0,1.5,0,5,True,False,1,0.70362765229295,14.217937980746093,曇り・雨,3.93,0.0,6.67
2019-06-16,46472.0,6.6,0,6,True,False,1,0.7063655030800822,14.222311315075144,晴れ,5.63,9.1,22.2
2019-06-17,51851.0,11.7,0,0,False,False,0,0.7091033538672142,14.225928494054779,快晴,6.3999999999999995,9.1,26.61
2019-06-18,15668.0,0.5,0,1,False,False,0,0.7118412046543463,14.228786995918016,曇り・雨,2.93,0.0,8.26
2019-06-19,38850.0,11.2,0,2,False,False,0,0.7145790554414785,14.23088482292273,晴れ,10.229999999999999,9.1,25.86
2019-06-20,50556.0,10.0,0,3,False,False,0,0.7173169062286106,14.232220506189085,晴れ,9.03,9.1,25.82
2019-06-21,35964.0,8.2,0,4,False,False,0,0.7200547570157426,14.232793109266195,晴れ,7.2299999999999995,9.1,22.85
2019-06-22,41718.0,4.1,0,5,True,False,1,0.7227926078028748,14.232602230410311,薄曇り〜曇り,6.84,5.7,19.52
2019-06-23,42390.0,11.6,0,6,True,False,1,0.7255304585900069,14.23164800356321,快晴,6.3,9.1,28.28
2019-06-24,55768.0,11.5,0,0,False,False,0,0.7282683093771389,14.22993109802594,快晴,6.2,9.1,28.64
2019-06-25,50971.0,13.1,0,1,False,False,0,0.731006160164271,14.227452716829506,快晴,7.8,9.1,28.4
2019-06-26,13500.0,0.0,0,2,False,False,0,0.7337440109514032,14.224214593810629,曇り・雨,2.43,0.0,5.56
2019-06-27,26315.0,4.4,0,3,False,False,0,0.7364818617385352,14.220218989407106,薄曇り〜曇り,7.140000000000001,5.7,16.54
2019-06-28,23335.0,1.3,0,4,False,False,0,0.7392197125256673,14.215468685193562,曇り・雨,3.7300000000000004,0.0,12.53
2019-06-29,14595.0,2.4,0,5,True,False,1,0.7419575633127995,14.209966977184571,曇り・雨,4.83,0.0,8.91
2019-06-30,10013.0,0.4,0,6,True,False,1,0.7446954140999316,14.203717667937985,曇り・雨,2.83,0.0,8.47
2019-07-01,12515.0,0.5,0,0,False,False,0,0.7474332648870636,14.196725057497,曇り・雨,2.93,0.0,9.86
2019-07-02,13283.0,0.1,0,1,False,False,0,0.7501711156741958,14.188993933214745,曇り・雨,2.5300000000000002,0.0,8.09
2019-07-03,4437.0,0.0,0,2,False,False,0,0.7529089664613279,14.180529558510328,曇り・雨,2.43,0.0,3.9
2019-07-04,36987.0,8.8,0,3,False,False,0,0.75564681724846,14.171337660609705,晴れ,7.830000000000001,9.1,23.85
2019-07-05,26627.0,1.5,0,4,False,False,0,0.758384668035592,14.161424417329062,曇り・雨,3.93,0.0,14.13
2019-07-06,45642.0,9.2,0,5,True,False,1,0.7611225188227242,14.15079644296216,晴れ,8.229999999999999,9.1,23.84
2019-07-07,44173.0,5.2,0,6,True,False,1,0.7638603696098563,14.139460773336346,薄曇り〜曇り,7.94,5.7,20.29
2019-07-08,29946.0,5.7,0,0,False,False,0,0.7665982203969883,14.127424850104802,晴れ,4.73,9.1,19.4
2019-07-09,28034.0,1.3,0,1,False,False,0,0.7693360711841205,14.114696504345009,曇り・雨,3.7300000000000004,0.0,12.15
2019-07-10,10138.0,0.8,0,2,False,False,0,0.7720739219712526,14.101283939535145,曇り・雨,3.2300000000000004,0.0,9.97
2019-07-11,27509.0,2.9,0,3,False,False,0,0.7748117727583846,14.08719571398165,薄曇り〜曇り,5.640000000000001,5.7,11.4
2019-07-12,44785.0,7.5,0,4,False,False,0,0.7775496235455168,14.072440722772015,晴れ,6.53,9.1,22.93
2019-07-13,8057.0,0.0,0,5,True,False,1,0.7802874743326489,14.05702817932723,曇り・雨,2.43,0.0,3.23
2019-07-14,12032.0,0.5,0,6,True,False,1,0.783025325119781,14.040967596628356,曇り・雨,2.93,0.0,8.09
2019-07-15,42549.0,9.2,0,0,False,True,1,0.785763175906913,14.024268768191197,晴れ,8.229999999999999,9.1,26.25
2019-07-16,40117.0,12.1,0,1,False,False,0,0.7885010266940452,14.006941748861998,快晴,6.8,9.1,26.97
2019-07-17,27686.0,3.2,0,2,False,False,0,0.7912388774811773,13.98899683550596,薄曇り〜曇り,5.94,5.7,12.79
2019-07-18,17588.0,0.0,0,3,False,False,0,0.7939767282683093,13.970444547658545,曇り・雨,2.43,0.0,4.29
2019-07-19,12851.0,0.0,0,4,False,False,0,0.7967145790554415,13.951295608207523,曇り・雨,2.43,0.0,3.47
2019-07-20,10483.0,0.0,0,5,True,False,1,0.7994524298425736,13.931560924171414,曇り・雨,2.43,0.0,2.73
2019-07-21,11897.0,0.5,0,6,True,False,1,0.8021902806297057,13.911251567637255,曇り・雨,2.93,0.0,6.58
2019-07-22,24716.0,3.0,0,0,False,False,0,0.8049281314168378,13.89037875691781,薄曇り〜曇り,5.74,5.7,12.53
2019-07-23,29912.0,4.7,0,1,False,False,0,0.8076659822039699,13.868953837985188,薄曇り〜曇り,7.44,5.7,18.88
2019-07-24,38165.0,3.8,0,2,False,False,0,0.810403832991102,13.846988266234568,薄曇り〜曇り,6.54,5.7,14.98
2019-07-25,42146.0,5.3,0,3,False,False,0,0.813141683778234,13.824493588628266,薄曇り〜曇り,8.04,5.7,18.41
2019-07-26,45273.0,9.4,0,4,False,False,0,0.8158795345653662,13.801481426266877,晴れ,8.43,9.1,23.83
2019-07-27,38312.0,5.7,0,5,True,False,1,0.8186173853524983,13.777963457430513,晴れ,4.73,9.1,13.54
2019-07-28,48068.0,9.4,0,6,True,False,1,0.8213552361396304,13.75395140112952,晴れ,8.43,9.1,21.49
2019-07-29,31742.0,3.1,0,0,False,False,0,0.8240930869267625,13.729457001200323,薄曇り〜曇り,5.84,5.7,11.22
2019-07-30,44460.0,8.6,0,1,False,False,0,0.8268309377138946,13.704492010978322,晴れ,7.63,9.1,21.99
2019-07-31,47680.0,11.4,0,2,False,False,0,0.8295687885010267,13.67906817857606,快晴,6.1000000000000005,9.1,26.63
2019-08-01,47049.0,10.1,0,3,False,False,0,0.8323066392881588,13.653197232791292,晴れ,9.129999999999999,9.1,25.4
2019-08-02,48688.0,11.2,0,4,False,False,0,0.8350444900752909,13.626890869665981,快晴,5.8999999999999995,9.1,25.76
2019-08-03,49081.0,8.6,0,5,True,False,1,0.837782340862423,13.600160739713779,晴れ,7.63,9.1,19.99
2019-08-04,48943.0,12.4,0,6,True,False,1,0.840520191649555,13.573018435830209,快晴,7.1000000000000005,9.1,26.74
2019-08-05,41110.0,6.3,0,0,False,False,0,0.8432580424366872,13.54547548189653,晴れ,5.33,9.1,16.62
2019-08-06,15240.0,0.5,0,1,False,False,0,0.8459958932238193,13.517543322085114,曇り・雨,2.93,0.0,3.97
2019-08-07,37785.0,6.6,0,2,False,False,0,0.8487337440109514,13.48923331087133,晴れ,5.63,9.1,20.08
2019-08-08,43626.0,9.5,0,3,False,False,0,0.8514715947980835,13.46055670375401,晴れ,8.53,9.1,23.21
2019-08-09,34194.0,5.1,0,4,False,False,0,0.8542094455852156,13.431524648684064,薄曇り〜曇り,7.84,5.7,16.16
2019-08-10,41655.0,9.7,0,5,True,False,1,0.8569472963723477,13.40214817819824,晴れ,8.729999999999999,9.1,22.88
2019-08-11,41030.0,9.4,0,6,True,True,1,0.8596851471594799,13.372438202252882,晴れ,8.43,9.1,23.9
2019-08-12,41893.0,10.8,0,0,False,True,1,0.8624229979466119,13.342405501750308,快晴,5.500000000000001,9.1,24.8
2019-08-13,33881.0,8.8,0,1,False,False,0,0.865160848733744,13.312060722748557,晴れ,7.830000000000001,9.1,21.7
2019-08-14,17845.0,4.9,0,2,False,False,0,0.8678986995208761,13.281414371343528,薄曇り〜曇り,7.640000000000001,5.7,11.21
2019-08-15,7465.0,0.0,0,3,False,False,0,0.8706365503080082,13.25047680921085,曇り・雨,2.43,0.0,2.36
2019-08-16,36948.0,4.7,0,4,False,False,0,0.8733744010951403,13.219258249793521,薄曇り〜曇り,7.44,5.7,14.16
2019-08-17,45034.0,8.9,0,5,True,False,1,0.8761122518822724,13.187768755120002,晴れ,7.930000000000001,9.1,22.74
2019-08-18,17018.0,0.4,0,6,True,False,1,0.8788501026694046,13.156018233236434,曇り・雨,2.83,0.0,9.29
2019-08-19,13933.0,0.1,0,0,False,False,0,0.8815879534565366,13.1240164362356,曇り・雨,2.5300000000000002,0.0,7.75
2019-08-20,18604.0,0.1,0,1,False,False,0,0.8843258042436687,13.09177295886456,曇り・雨,2.5300000000000002,0.0,6.87
2019-08-21,41391.0,6.0,0,2,False,False,0,0.8870636550308009,13.059297237692153,晴れ,5.03,9.1,18.83
2019-08-22,33664.0,3.8,0,3,False,False,0,0.8898015058179329,13.026598550817024,薄曇り〜曇り,6.54,5.7,14.32
2019-08-23,22050.0,5.3,0,4,False,False,0,0.892539356605065,12.993686018096447,晴れ,4.33,9.1,18.06
2019-08-24,12173.0,0.0,0,5,True,False,1,0.8952772073921971,12.960568601875877,曇り・雨,2.43,0.0,5.54
2019-08-25,12896.0,0.0,0,6,True,False,1,0.8980150581793293,12.927255108198995,曇り・雨,2.43,0.0,6.0
2019-08-26,12463.0,0.0,0,0,False,False,0,0.9007529089664613,12.89375418847788,曇り・雨,2.43,0.0,5.96
2019-08-27,6268.0,0.0,0,1,False,False,0,0.9034907597535934,12.860074341602939,曇り・雨,2.43,0.0,1.68
2019-08-28,14284.0,0.0,0,2,False,False,0,0.9062286105407256,12.82622391647227,曇り・雨,2.43,0.0,4.04
2019-08-29,25080.0,1.6,0,3,False,False,0,0.9089664613278576,12.792211114920267,曇り・雨,4.03,0.0,10.16
2019-08-30,23761.0,1.7,0,4,False,False,0,0.9117043121149897,12.75804399502553,曇り・雨,4.13,0.0,12.36
2019-08-31,18636.0,5.7,0,5,True,False,1,0.9144421629021219,12.72373047477822,晴れ,4.73,9.1,14.65
2019-09-01,18220.0,0.0,0,6,True,False,1,0.917180013689254,12.689278336087558,曇り・雨,2.43,0.0,6.08
2019-09-02,21724.0,0.8,0,0,False,False,0,0.919917864476386,12.654695229110223,曇り・雨,3.2300000000000004,0.0,6.03
2019-09-03,36513.0,8.2,0,1,False,False,0,0.9226557152635181,12.619988676880961,晴れ,7.2299999999999995,9.1,18.65
2019-09-04,31309.0,4.4,0,2,False,False,0,0.9253935660506503,12.58516608022704,薄曇り〜曇り,7.140000000000001,5.7,14.76
2019-09-05,34912.0,8.4,0,3,False,False,0,0.9281314168377823,12.550234722948602,晴れ,7.430000000000001,9.1,16.71
2019-09-06,29244.0,4.3,0,4,False,False,0,0.9308692676249144,12.515201777247361,薄曇り〜曇り,7.04,5.7,16.2
2019-09-07,24740.0,0.3,0,5,True,False,1,0.9336071184120466,12.48007430938661,曇り・雨,2.73,0.0,5.66
2019-09-08,38123.0,8.5,0,6,True,False,1,0.9363449691991786,12.44485928556582,晴れ,7.53,9.1,19.89
2019-09-09,37049.0,10.0,0,0,False,False,0,0.9390828199863107,12.409563577993655,快晴,4.7,9.1,19.66
2019-09-10,38198.0,7.5,0,1,False,False,0,0.9418206707734429,12.374193971143582,晴れ,6.53,9.1,17.28
2019-09-11,37030.0,7.9,0,2,False,False,0,0.944558521560575,12.33875716817668,晴れ,6.930000000000001,9.1,20.37
2019-09-12,33609.0,3.8,0,3,False,False,0,0.947296372347707,12.30325979751669,薄曇り〜曇り,6.54,5.7,13.65
2019-09-13,33037.0,7.0,0,4,False,False,0,0.9500342231348392,12.267708419562661,晴れ,6.03,9.1,16.51
2019-09-14,33282.0,10.4,0,5,True,False,1,0.9527720739219713,12.232109533524966,快晴,5.1000000000000005,9.1,21.55
2019-09-15,40597.0,9.4,0,6,True,False,1,0.9555099247091033,12.19646958437075,晴れ,8.43,9.1,19.81
2019-09-16,40481.0,9.6,0,0,False,True,1,0.9582477754962354,12.160794969865195,晴れ,8.629999999999999,9.1,21.79
2019-09-17,39734.0,8.1,0,1,False,False,0,0.9609856262833676,12.125092047695267,晴れ,7.13,9.1,18.49
2019-09-18,39871.0,9.8,0,2,False,False,0,0.9637234770704997,12.08936714266281,快晴,4.500000000000001,9.1,21.98
2019-09-19,43492.0,10.5,0,3,False,False,0,0.9664613278576317,12.053626553934135,快晴,5.2,9.1,19.95
2019-09-20,10970.0,2.6,0,4,False,False,0,0.9691991786447639,12.01787656233332,薄曇り〜曇り,5.34,5.7,7.03
2019-09-21,17623.0,1.0,0,5,True,False,1,0.971937029431896,11.98212343766668,曇り・雨,3.43,0.0,11.16
2019-09-22,7553.0,0.0,0,6,True,False,1,0.974674880219028,11.946373446065865,曇り・雨,2.43,0.0,3.68
2019-09-23,27566.0,0.0,0,0,False,True,1,0.9774127310061602,11.91063285733719,曇り・雨,2.43,0.0,4.71
2019-09-24,40083.0,9.2,0,1,False,False,0,0.9801505817932923,11.874907952304735,晴れ,8.229999999999999,9.1,20.91
2019-09-25,40558.0,10.1,0,2,False,False,0,0.9828884325804244,11.839205030134805,快晴,4.8,9.1,19.92
2019-09-26,19441.0,0.1,0,3,False,False,0,0.9856262833675564,11.803530415629252,曇り・雨,2.5300000000000002,0.0,5.27
2019-09-27,30536.0,4.5,0,4,False,False,0,0.9883641341546886,11.767890466475032,薄曇り〜曇り,7.24,5.7,14.78
2019-09-28,29504.0,4.2,0,5,True,False,1,0.9911019849418207,11.732291580437339,薄曇り〜曇り,6.94,5.7,13.38
2019-09-29,19957.0,1.7,0,6,True,False,1,0.9938398357289527,11.696740202483312,曇り・雨,4.13,0.0,5.92
2019-09-30,26127.0,3.0,0,0,False,False,0,0.9965776865160849,11.661242831823321,薄曇り〜曇り,5.74,5.7,8.91
2019-10-01,14977.0,0.0,0,1,False,False,0,0.999315537303217,11.62580602885642,曇り・雨,2.43,0.0,5.64
2019-10-02,20248.0,0.7,0,2,False,False,0,1.002053388090349,11.590436422006345,曇り・雨,3.13,0.0,5.81
2019-10-03,27282.0,1.5,0,3,False,False,0,1.0047912388774811,11.555140714434181,曇り・雨,3.93,0.0,7.9
2019-10-04,41622.0,9.0,0,4,False,False,0,1.0075290896646132,11.519925690613391,晴れ,8.03,9.1,19.17
2019-10-05,43094.0,10.3,0,5,True,False,1,1.0102669404517455,11.48479822275264,快晴,5.000000000000001,9.1,19.63
2019-10-06,35192.0,2.2,0,6,True,False,1,1.0130047912388775,11.4497652770514,曇り・雨,4.630000000000001,0.0,10.28
2019-10-07,22294.0,3.5,0,0,False,False,0,1.0157426420260096,11.41483391977296,薄曇り〜曇り,6.24,5.7,10.28
2019-10-08,29091.0,2.7,0,1,False,False,0,1.0184804928131417,11.38001132311904,薄曇り〜曇り,5.44,5.7,8.98
2019-10-09,43441.0,9.7,0,2,False,False,0,1.0212183436002737,11.345304770889777,快晴,4.3999999999999995,9.1,17.58
2019-10-10,43926.0,10.6,0,3,False,False,0,1.0239561943874058,11.310721663912442,快晴,5.3,9.1,19.41
2019-10-11,36828.0,7.8,0,4,False,False,0,1.0266940451745379,11.276269525221782,晴れ,6.83,9.1,15.92
2019-10-12,24043.0,0.4,0,5,True,False,1,1.0294318959616702,11.241956004974472,曇り・雨,2.83,0.0,5.35
2019-10-13,36920.0,6.3,1,6,True,False,1,1.0321697467488022,11.207788885079731,晴れ,5.33,9.1,15.16
2019-10-14,39112.0,9.8,1,0,False,True,1,1.0349075975359343,11.173776083527732,快晴,4.500000000000001,9.1,18.72
2019-10-15,35158.0,5.4,0,1,False,False,0,1.0376454483230664,11.13992565839706,晴れ,4.430000000000001,9.1,12.51
2019-10-16,41277.0,10.5,0,2,False,False,0,1.0403832991101984,11.106245811522118,快晴,5.2,9.1,19.12
2019-10-17,12098.0,0.5,0,3,False,False,0,1.0431211498973305,11.072744891801005,曇り・雨,2.93,0.0,4.04
2019-10-18,10766.0,0.0,0,4,False,False,0,1.0458590006844628,11.039431398124123,曇り・雨,2.43,0.0,2.43
2019-10-19,25730.0,3.2,0,5,True,False,1,1.0485968514715949,11.006313981903551,薄曇り〜曇り,5.94,5.7,10.75
2019-10-20,26697.0,3.9,0,6,True,False,1,1.051334702258727,10.973401449182974,薄曇り〜曇り,6.640000000000001,5.7,11.17
2019-10-21,25082.0,6.6,0,0,False,False,0,1.054072553045859,10.940702762307847,晴れ,5.63,9.1,14.12
2019-10-22,36789.0,8.2,0,1,False,True,1,1.056810403832991,10.90822704113544,晴れ,7.2299999999999995,9.1,15.59
2019-10-23,12560.0,0.4,0,2,False,False,0,1.0595482546201231,10.8759835637644,曇り・雨,2.83,0.0,6.44
2019-10-24,9614.0,0.0,0,3,False,False,0,1.0622861054072552,10.843981766763564,曇り・雨,2.43,0.0,1.74
2019-10-25,26648.0,0.9,0,4,False,False,0,1.0650239561943875,10.812231244879996,曇り・雨,3.33,0.0,6.97
2019-10-26,27471.0,6.8,0,5,True,False,1,1.0677618069815196,10.78074175020648,晴れ,5.83,9.1,13.84
2019-10-27,27838.0,7.7,0,6,True,False,1,1.0704996577686516,10.74952319078915,晴れ,6.73,9.1,15.51
2019-10-28,29464.0,10.2,0,0,False,False,0,1.0732375085557837,10.718585628656472,快晴,4.8999999999999995,9.1,16.07
2019-10-29,28937.0,8.7,0,1,False,False,0,1.0759753593429158,10.687939277251441,快晴,3.3999999999999995,9.1,14.77
2019-10-30,33059.0,8.4,0,2,False,False,0,1.0787132101300478,10.657594498249694,晴れ,7.430000000000001,9.1,14.63
2019-10-31,36125.0,9.9,0,3,False,False,0,1.08145106091718,10.627561797747116,快晴,4.6000000000000005,9.1,16.43
2019-11-01,37491.0,9.7,0,4,False,False,0,1.0841889117043122,10.597851821801761,快晴,4.3999999999999995,9.1,15.75
2019-11-02,31767.0,8.3,1,5,True,False,1,1.0869267624914443,10.568475351315936,晴れ,7.330000000000001,9.1,14.96
2019-11-03,18083.0,0.0,0,6,True,True,1,1.0896646132785763,10.53944329624599,曇り・雨,2.43,0.0,4.32
2019-11-04,31547.0,2.6,1,0,False,True,1,1.0924024640657084,10.510766689128673,薄曇り〜曇り,5.34,5.7,9.38
2019-11-05,37642.0,9.8,0,1,False,False,0,1.0951403148528405,10.482456677914888,快晴,4.500000000000001,9.1,16.25
2019-11-06,35772.0,9.8,1,2,False,False,0,1.0978781656399725,10.45452451810347,快晴,4.500000000000001,9.1,15.7
2019-11-07,23621.0,4.9,0,3,False,False,0,1.1006160164271048,10.42698156416979,晴れ,3.9300000000000006,9.1,9.75
2019-11-08,33784.0,8.9,0,4,False,False,0,1.103353867214237,10.399839260286221,快晴,3.6000000000000005,9.1,13.92
2019-11-09,30178.0,9.0,1,5,True,False,1,1.106091718001369,10.373109130334019,快晴,3.7,9.1,13.68
2019-11-10,28313.0,6.1,1,6,True,False,1,1.108829568788501,10.346802767208708,晴れ,5.13,9.1,11.8
2019-11-11,25929.0,4.4,0,0,False,False,0,1.111567419575633,10.320931821423939,晴れ,3.4300000000000006,9.1,9.84
2019-11-12,30955.0,7.3,1,1,False,False,0,1.1143052703627652,10.295507989021678,晴れ,6.33,9.1,13.13
2019-11-13,19616.0,4.5,0,2,False,False,0,1.1170431211498972,10.270542998799677,晴れ,3.5300000000000002,9.1,9.26
2019-11-14,30065.0,6.1,0,3,False,False,0,1.1197809719370295,10.24604859887048,晴れ,5.13,9.1,12.64
2019-11-15,32301.0,9.5,1,4,False,False,0,1.1225188227241616,10.222036542569487,快晴,4.2,9.1,14.78
2019-11-16,31641.0,9.4,1,5,True,False,1,1.1252566735112937,10.198518573733121,快晴,4.1000000000000005,9.1,14.15
2019-11-17,25710.0,5.3,1,6,True,False,1,1.1279945242984257,10.175506411371734,晴れ,4.33,9.1,10.34
2019-11-18,6135.0,0.0,0,0,False,False,0,1.1307323750855578,10.153011733765432,曇り・雨,2.43,0.0,1.04
2019-11-19,22225.0,0.6,0,1,False,False,0,1.1334702258726899,10.13104616201481,曇り・雨,3.0300000000000002,0.0,6.08
2019-11-20,33283.0,6.3,0,2,False,False,0,1.136208076659822,10.109621243082191,晴れ,5.33,9.1,11.56
2019-11-21,31960.0,9.2,0,3,False,False,0,1.1389459274469542,10.088748432362745,快晴,3.8999999999999995,9.1,14.1
2019-11-22,4606.0,0.0,0,4,False,False,0,1.1416837782340863,10.068439075828586,曇り・雨,2.43,0.0,3.92
2019-11-23,24496.0,9.2,0,5,True,True,1,1.1444216290212184,10.048704391792477,快晴,3.8999999999999995,9.1,13.1
2019-11-24,8035.0,3.5,0,6,True,False,1,1.1471594798083504,10.029555452341455,薄曇り〜曇り,6.24,5.7,5.43
2019-11-25,18749.0,0.8,0,0,False,False,0,1.1498973305954825,10.01100316449404,曇り・雨,3.2300000000000004,0.0,4.44
2019-11-26,20122.0,7.1,0,1,False,False,0,1.1526351813826146,9.993058251138,晴れ,6.13,9.1,11.97
2019-11-27,8148.0,0.0,0,2,False,False,0,1.1553730321697468,9.975731231808803,曇り・雨,2.43,0.0,2.54
2019-11-28,13712.0,1.2,0,3,False,False,0,1.158110882956879,9.959032403371644,曇り・雨,3.63,0.0,5.11
2019-11-29,32065.0,7.9,0,4,False,False,0,1.160848733744011,9.942971820672772,晴れ,6.930000000000001,9.1,11.54
2019-11-30,29114.0,7.7,1,5,True,False,1,1.163586584531143,9.927559277227983,晴れ,6.73,9.1,12.51
2019-12-01,21498.0,0.6,0,6,True,False,1,1.1663244353182751,9.912804286018348,曇り・雨,3.0300000000000002,0.0,3.65
2019-12-02,15753.0,3.1,0,0,False,False,0,1.1690622861054072,9.898716060464855,薄曇り〜曇り,5.84,5.7,7.06
2019-12-03,21383.0,0.5,0,1,False,False,0,1.1718001368925393,9.88530349565499,曇り・雨,2.93,0.0,3.63
2019-12-04,27499.0,6.6,0,2,False,False,0,1.1745379876796715,9.872575149895196,晴れ,5.63,9.1,10.91
2019-12-05,12309.0,0.4,0,3,False,False,0,1.1772758384668036,9.860539226663656,曇り・雨,2.83,0.0,4.61
2019-12-06,9512.0,0.8,0,4,False,False,0,1.1800136892539357,9.849203557037837,曇り・雨,3.2300000000000004,0.0,3.55
2019-12-07,16802.0,4.1,0,5,True,False,1,1.1827515400410678,9.838575582670936,晴れ,3.13,9.1,8.65
2019-12-08,27794.0,1.9,0,6,True,False,1,1.1854893908281998,9.828662339390293,曇り・雨,4.33,0.0,5.56
2019-12-09,27872.0,6.0,0,0,False,False,0,1.1882272416153319,9.81947044148967,晴れ,5.03,9.1,10.3
2019-12-10,27498.0,6.4,0,1,False,False,0,1.1909650924024642,9.811006066785255,晴れ,5.430000000000001,9.1,11.04
2019-12-11,12356.0,3.6,0,2,False,False,0,1.1937029431895962,9.803274942503,薄曇り〜曇り,6.34,5.7,6.58
2019-12-12,28114.0,8.3,0,3,False,False,0,1.1964407939767283,9.796282332062013,快晴,3.000000000000001,9.1,12.55
2019-12-13,29419.0,7.6,0,4,False,False,0,1.1991786447638604,9.790033022815427,晴れ,6.63,9.1,11.28
2019-12-14,22166.0,1.7,0,5,True,False,1,1.2019164955509924,9.784531314806436,曇り・雨,4.13,0.0,5.13
2019-12-15,25460.0,8.8,1,6,True,False,1,1.2046543463381245,9.779781010592892,快晴,3.500000000000001,9.1,12.21
2019-12-16,13233.0,5.1,0,0,False,False,0,1.2073921971252566,9.77578540618937,晴れ,4.13,9.1,8.17
2019-12-17,9879.0,0.2,0,1,False,False,0,1.2101300479123889,9.772547283170494,曇り・雨,2.6300000000000003,0.0,1.94
2019-12-18,19978.0,1.8,0,2,False,False,0,1.212867898699521,9.770068901974058,曇り・雨,4.23,0.0,5.64
2019-12-19,13773.0,2.3,0,3,False,False,0,1.215605749486653,9.768351996436788,薄曇り〜曇り,5.04,5.7,6.41
2019-12-20,27192.0,4.1,0,4,False,False,0,1.218343600273785,9.767397769589689,晴れ,3.13,9.1,7.93
2019-12-21,9702.0,1.8,0,5,True,False,1,1.2210814510609171,9.767206890733803,曇り・雨,4.23,0.0,5.39
2019-12-22,2637.0,0.0,0,6,True,False,1,1.2238193018480492,9.767779493810915,曇り・雨,2.43,0.0,0.72
2019-12-23,28293.0,4.0,0,0,False,False,0,1.2265571526351813,9.76911517707727,晴れ,3.0300000000000002,9.1,6.7
2019-12-24,17505.0,2.3,0,1,False,False,0,1.2292950034223136,9.771213004081984,薄曇り〜曇り,5.04,5.7,5.98
2019-12-25,7747.0,0.0,0,2,False,False,0,1.2320328542094456,9.77407150594522,曇り・雨,2.43,0.0,2.39
2019-12-26,7884.0,0.2,0,3,False,False,0,1.2347707049965777,9.777688684924854,曇り・雨,2.6300000000000003,0.0,3.78
2019-12-27,24012.0,3.8,0,4,False,False,0,1.2375085557837098,9.782062019253905,薄曇り〜曇り,6.54,5.7,7.41
2019-12-28,27567.0,3.0,0,5,True,False,1,1.2402464065708418,9.787188469224839,薄曇り〜曇り,5.74,5.7,6.72
2019-12-29,9997.0,0.0,0,6,True,False,1,1.242984257357974,9.79306448449081,曇り・雨,2.43,0.0,3.18
2019-12-30,4751.0,0.0,0,0,False,False,0,1.2457221081451062,9.799686012548124,曇り・雨,2.43,0.0,2.41
2019-12-31,22348.0,2.0,0,1,False,False,0,1.2484599589322383,9.80704850835871,薄曇り〜曇り,4.74,5.7,6.0
2020-01-01,27808.0,8.8,1,2,False,True,1,1.2511978097193703,9.815146945066195,快晴,3.500000000000001,9.1,12.61
2020-01-02,25201.0,6.9,1,3,False,False,0,1.2539356605065024,9.823975825754422,晴れ,5.930000000000001,9.1,10.1
2020-01-03,22341.0,6.5,0,4,False,False,0,1.2566735112936345,9.833529196192758,晴れ,5.53,9.1,10.65
2020-01-04,26924.0,8.4,1,5,True,False,1,1.2594113620807665,9.843800658508634,快晴,3.1000000000000005,9.1,11.25
2020-01-05,28263.0,7.9,1,6,True,False,1,1.2621492128678986,9.854783385724152,快晴,2.6000000000000005,9.1,12.05
2020-01-06,14155.0,0.0,0,0,False,False,0,1.264887063655031,9.866470137090555,曇り・雨,2.43,0.0,3.19
2020-01-07,10951.0,0.7,0,1,False,False,0,1.267624914442163,9.878853274151734,曇り・雨,3.13,0.0,3.69
2020-01-08,20447.0,1.9,0,2,False,False,0,1.270362765229295,9.891924777465883,曇り・雨,4.33,0.0,5.59
2020-01-09,27215.0,5.1,1,3,False,False,0,1.273100616016427,9.90567626391272,晴れ,4.13,9.1,9.91
2020-01-10,32010.0,7.5,0,4,False,False,0,1.2758384668035592,9.92009900451261,晴れ,6.53,9.1,12.06
2020-01-11,22823.0,7.1,0,5,True,False,1,1.2785763175906912,9.935183942683263,晴れ,6.13,9.1,10.74
2020-01-12,9712.0,3.2,0,6,True,False,1,1.2813141683778233,9.950921712859504,薄曇り〜曇り,5.94,5.7,6.85
2020-01-13,25062.0,2.0,0,0,False,True,1,1.2840520191649556,9.96730265940185,薄曇り〜曇り,4.74,5.7,5.36
2020-01-14,5642.0,0.0,0,1,False,False,0,1.2867898699520877,9.984316855720381,曇り・雨,2.43,0.0,2.37
2020-01-15,22349.0,1.9,0,2,False,False,0,1.2895277207392197,10.001954123541493,曇り・雨,4.33,0.0,5.46
2020-01-16,11219.0,0.1,0,3,False,False,0,1.2922655715263518,10.020204052246623,曇り・雨,2.5300000000000002,0.0,4.17
2020-01-17,17413.0,2.9,0,4,False,False,0,1.2950034223134839,10.039056018213923,薄曇り〜曇り,5.640000000000001,5.7,8.09
2020-01-18,18728.0,1.2,0,5,True,False,1,1.297741273100616,10.058499204096071,曇り・雨,3.63,0.0,4.46
2020-01-19,16267.0,0.5,0,6,True,False,1,1.3004791238877482,10.07852261796985,曇り・雨,2.93,0.0,3.51
2020-01-20,17390.0,0.6,0,0,False,False,0,1.3032169746748803,10.099115112295992,曇り・雨,3.0300000000000002,0.0,4.7
2020-01-21,35975.0,7.6,0,1,False,False,0,1.3059548254620124,10.120265402630674,晴れ,6.63,9.1,13.16
2020-01-22,4157.0,0.0,0,2,False,False,0,1.3086926762491444,10.14196208603335,曇り・雨,2.43,0.0,1.97
2020-01-23,18645.0,2.2,0,3,False,False,0,1.3114305270362765,10.164193659118924,薄曇り〜曇り,4.94,5.7,5.51
2020-01-24,13953.0,0.6,0,4,False,False,0,1.3141683778234086,10.186948535705747,曇り・雨,3.0300000000000002,0.0,6.33
2020-01-25,6286.0,0.4,0,5,True,False,1,1.3169062286105406,10.210215064014584,曇り・雨,2.83,0.0,4.59
2020-01-26,10192.0,2.5,0,6,True,False,1,1.319644079397673,10.233981543377325,薄曇り〜曇り,5.24,5.7,7.34
2020-01-27,8555.0,0.0,0,0,False,False,0,1.322381930184805,10.258236240417924,曇り・雨,2.43,0.0,0.77
2020-01-28,22615.0,1.7,0,1,False,False,0,1.325119780971937,10.28296740467179,曇り・雨,4.13,0.0,7.66
2020-01-29,26863.0,2.7,0,2,False,False,0,1.3278576317590691,10.308163283613561,薄曇り〜曇り,5.44,5.7,8.99
2020-01-30,24034.0,0.9,0,3,False,False,0,1.3305954825462012,10.333812137066827,曇り・雨,3.33,0.0,5.25
2020-01-31,28331.0,1.4,0,4,False,False,0,1.3333333333333333,10.35990225097301,曇り・雨,3.83,0.0,6.57
2020-02-01,34135.0,5.5,0,5,True,False,1,1.3360711841204653,10.386421950500111,晴れ,4.53,9.1,10.89
2020-02-02,27777.0,3.0,1,6,True,False,1,1.3388090349075976,10.413359612475453,薄曇り〜曇り,5.74,5.7,8.95
2020-02-03,21652.0,6.5,0,0,False,False,0,1.3415468856947297,10.440703677129822,晴れ,5.53,9.1,12.11
2020-02-04,34957.0,9.6,0,1,False,False,0,1.3442847364818618,10.468442659143651,快晴,4.3,9.1,15.51
2020-02-05,33996.0,4.6,0,2,False,False,0,1.3470225872689938,10.496565157988822,晴れ,3.63,9.1,8.9
2020-02-06,38414.0,7.0,0,3,False,False,0,1.3497604380561259,10.52505986756259,晴れ,6.03,9.1,14.6
2020-02-07,10723.0,1.1,0,4,False,False,0,1.352498288843258,10.553915585112831,曇り・雨,3.5300000000000002,0.0,7.04
2020-02-08,32852.0,5.8,0,5,True,False,1,1.3552361396303902,10.583121219456336,晴れ,4.83,9.1,12.1
2020-02-09,23889.0,0.9,0,6,True,False,1,1.3579739904175223,10.61266579849426,曇り・雨,3.33,0.0,5.93
2020-02-10,33335.0,4.2,0,0,False,False,0,1.3607118412046544,10.64253847603102,薄曇り〜曇り,6.94,5.7,10.47
2020-02-11,30985.0,6.6,1,1,False,True,1,1.3634496919917864,10.672728537904959,晴れ,5.63,9.1,13.47
2020-02-12,4539.0,0.0,0,2,False,False,0,1.3661875427789185,10.703225407440916,曇り・雨,2.43,0.0,1.47
2020-02-13,36488.0,8.0,1,3,False,False,0,1.3689253935660506,10.734018650236571,晴れ,7.03,9.1,15.76
2020-02-14,29980.0,7.5,1,4,False,False,0,1.3716632443531827,10.765097978295838,晴れ,6.53,9.1,14.9
2020-02-15,14921.0,1.3,0,5,True,False,1,1.374401095140315,10.796453253524026,曇り・雨,3.7300000000000004,0.0,7.43
2020-02-16,5684.0,0.0,0,6,True,False,1,1.377138945927447,10.828074490600576,曇り・雨,2.43,0.0,0.78
2020-02-17,21883.0,0.1,0,0,False,False,0,1.379876796714579,10.859951859246248,曇り・雨,2.5300000000000002,0.0,3.3
2020-02-18,25685.0,3.0,0,1,False,False,0,1.3826146475017111,10.892075685902512,薄曇り〜曇り,5.74,5.7,9.42
2020-02-19,41847.0,10.1,1,2,False,False,0,1.3853524982888432,10.924436454841596,快晴,4.8,9.1,18.23
2020-02-20,39144.0,9.1,1,3,False,False,0,1.3880903490759753,10.95702480872628,快晴,3.8,9.1,17.67
2020-02-21,38707.0,10.0,1,4,False,False,0,1.3908281998631074,10.989831548638971,快晴,4.7,9.1,18.31
2020-02-22,24822.0,6.1,1,5,True,False,1,1.3935660506502396,11.022847633600014,晴れ,5.13,9.1,13.67
2020-02-23,32202.0,10.4,1,6,True,True,1,1.3963039014373717,11.056064179595328,快晴,5.1000000000000005,9.1,19.4
2020-02-24,31425.0,9.1,1,0,False,True,1,1.3990417522245038,11.089472458133766,快晴,3.8,9.1,17.5
2020-02-25,24244.0,0.9,0,1,False,False,0,1.4017796030116358,11.123063894354518,曇り・雨,3.33,0.0,5.36
2020-02-26,29465.0,2.9,1,2,False,False,0,1.404517453798768,11.156830064704923,薄曇り〜曇り,5.640000000000001,5.7,11.26
2020-02-27,33625.0,1.8,0,3,False,False,0,1.4072553045859,11.190762694208985,曇り・雨,4.23,0.0,10.0
2020-02-28,18852.0,0.7,0,4,False,False,0,1.4099931553730323,11.224853653346617,曇り・雨,3.13,0.0,5.37
2020-02-29,4067.0,0.0,0,5,True,False,1,1.4127310061601643,11.259094954563576,曇り・雨,2.43,0.0,1.76
2020-03-01,7931.0,0.0,0,6,True,False,1,1.4154688569472964,11.2934787484316,曇り・雨,2.43,0.0,4.31
2020-03-02,35845.0,8.3,1,0,False,False,0,1.4182067077344285,11.327997319478118,晴れ,7.330000000000001,9.1,18.28
2020-03-03,31339.0,4.1,1,1,False,False,0,1.4209445585215605,11.362643081704407,薄曇り〜曇り,6.84,5.7,14.78
2020-03-04,16299.0,1.9,0,2,False,False,0,1.4236824093086926,11.397408573810802,曇り・雨,4.33,0.0,6.48
2020-03-05,38851.0,8.1,1,3,False,False,0,1.4264202600958247,11.432286454147071,晴れ,7.13,9.1,19.06
2020-03-06,40055.0,10.7,1,4,False,False,0,1.429158110882957,11.467269495405722,快晴,5.3999999999999995,9.1,21.21
2020-03-07,10406.0,0.0,0,5,True,False,1,1.431895961670089,11.50235057907555,曇り・雨,2.43,0.0,2.93
2020-03-08,29296.0,7.3,1,6,True,False,1,1.434633812457221,11.537522689672278,晴れ,6.33,9.1,16.81
2020-03-09,20948.0,2.8,0,0,False,False,0,1.4373716632443532,11.572778908762738,薄曇り〜曇り,5.54,5.7,8.18
2020-03-10,14571.0,0.0,0,1,False,False,0,1.4401095140314852,11.608112408798625,曇り・雨,2.43,0.0,3.09
2020-03-11,38811.0,9.3,1,2,False,False,0,1.4428473648186173,11.64351644677538,晴れ,8.33,9.1,18.92
2020-03-12,35099.0,10.8,1,3,False,False,0,1.4455852156057496,11.678984357731407,快晴,5.500000000000001,9.1,21.8
2020-03-13,22755.0,0.6,0,4,False,False,0,1.4483230663928817,11.714509548102436,曇り・雨,3.0300000000000002,0.0,9.5
2020-03-14,30703.0,5.9,1,5,True,False,1,1.4510609171800137,11.75008548894542,晴れ,4.930000000000001,9.1,15.87
2020-03-15,26260.0,6.3,1,6,True,False,1,1.4537987679671458,11.785705709046084,晴れ,5.33,9.1,17.58
2020-03-16,46243.0,6.3,0,0,False,False,0,1.4565366187542779,11.821363787923891,晴れ,5.33,9.1,17.7
2020-03-17,46400.0,9.6,0,1,False,False,0,1.45927446954141,11.85705334874787,快晴,4.3,9.1,20.39
2020-03-18,44980.0,8.6,0,2,False,False,0,1.462012320328542,11.892768051176587,晴れ,7.63,9.1,18.25
2020-03-19,30553.0,8.3,0,3,False,False,0,1.4647501711156743,11.928501584135189,晴れ,7.330000000000001,9.1,17.69
2020-03-20,49751.0,11.2,1,4,False,True,1,1.4674880219028064,11.964247658542385,快晴,5.8999999999999995,9.1,23.67
2020-03-21,44717.0,10.8,1,5,True,False,1,1.4702258726899384,12.0,快晴,5.500000000000001,9.1,21.31
2020-03-22,16973.0,0.7,0,6,True,False,1,1.4729637234770705,12.035752341457613,曇り・雨,3.13,0.0,8.44
2020-03-23,50841.0,11.0,1,0,False,False,0,1.4757015742642026,12.07149841586481,快晴,5.7,9.1,23.05
2020-03-24,51152.0,11.5,1,1,False,False,0,1.4784394250513346,12.107231948823411,快晴,6.2,9.1,22.76
2020-03-25,52818.0,11.7,1,2,False,False,0,1.4811772758384667,12.142946651252128,快晴,6.3999999999999995,9.1,23.74
2020-03-26,7051.0,0.0,0,3,False,False,0,1.483915126625599,12.178636212076109,曇り・雨,2.43,0.0,2.54
2020-03-27,6862.0,0.0,0,4,False,False,0,1.486652977412731,12.214294290953914,曇り・雨,2.43,0.0,2.11
2020-03-28,6920.0,0.0,0,5,True,False,1,1.4893908281998631,12.24991451105458,曇り・雨,2.43,0.0,2.17
2020-03-29,37435.0,9.7,1,6,True,False,1,1.4921286789869952,12.285490451897562,晴れ,8.729999999999999,9.1,21.52
2020-03-30,10655.0,0.0,0,0,False,False,0,1.4948665297741273,12.321015642268591,曇り・雨,2.43,0.0,5.49
2020-03-31,20654.0,2.7,0,1,False,False,0,1.4976043805612593,12.35648355322462,薄曇り〜曇り,5.44,5.7,12.04
2020-04-01,12679.0,1.5,0,2,False,False,0,1.5003422313483916,12.391887591201373,曇り・雨,3.93,0.0,3.68
2020-04-02,48413.0,10.7,1,3,False,False,0,1.5030800821355237,12.42722109123726,快晴,5.3999999999999995,9.1,24.03
2020-04-03,33237.0,7.6,1,4,False,False,0,1.5058179329226558,12.462477310327722,晴れ,6.63,9.1,20.38
2020-04-04,46081.0,11.7,1,5,True,False,1,1.5085557837097878,12.497649420924448,快晴,6.3999999999999995,9.1,25.06
2020-04-05,46493.0,10.4,1,6,True,False,1,1.51129363449692,12.532730504594277,快晴,5.1000000000000005,9.1,24.89
2020-04-06,53642.0,11.8,1,0,False,False,0,1.514031485284052,12.567713545852929,快晴,6.500000000000001,9.1,25.42
2020-04-07,49958.0,10.0,1,1,False,False,0,1.516769336071184,12.602591426189196,晴れ,9.03,9.1,24.55
2020-04-08,48735.0,10.6,1,2,False,False,0,1.5195071868583163,12.637356918295591,快晴,5.3,9.1,21.23
2020-04-09,46577.0,10.9,1,3,False,False,0,1.5222450376454484,12.672002680521882,快晴,5.6000000000000005,9.1,23.33
2020-04-10,45955.0,3.5,1,4,False,False,0,1.5249828884325805,12.706521251568399,薄曇り〜曇り,6.24,5.7,15.85
2020-04-11,39948.0,2.9,1,5,True,False,1,1.5277207392197125,12.740905045436424,薄曇り〜曇り,5.640000000000001,5.7,14.98
2020-04-12,9758.0,0.0,0,6,True,False,1,1.5304585900068446,12.775146346653381,曇り・雨,2.43,0.0,3.86
2020-04-13,29477.0,0.2,0,0,False,False,0,1.5331964407939767,12.809237305791015,曇り・雨,2.6300000000000003,0.0,6.6
2020-04-14,54062.0,12.2,1,1,False,False,0,1.5359342915811087,12.843169935295075,快晴,6.8999999999999995,9.1,26.48
2020-04-15,41829.0,4.0,1,2,False,False,0,1.538672142368241,12.87693610564548,薄曇り〜曇り,6.74,5.7,15.06
2020-04-16,47085.0,10.3,1,3,False,False,0,1.541409993155373,12.910527541866232,晴れ,9.33,9.1,25.44
2020-04-17,21568.0,0.2,0,4,False,False,0,1.5441478439425051,12.94393582040467,曇り・雨,2.6300000000000003,0.0,6.39
2020-04-18,47253.0,9.9,1,5,True,False,1,1.5468856947296372,12.977152366399984,晴れ,8.93,9.1,22.77
2020-04-19,21969.0,1.4,0,6,True,False,1,1.5496235455167693,13.010168451361027,曇り・雨,3.83,0.0,7.53
2020-04-20,40158.0,7.4,1,0,False,False,0,1.5523613963039014,13.042975191273719,晴れ,6.430000000000001,9.1,20.87
2020-04-21,40146.0,5.1,0,1,False,False,0,1.5550992470910336,13.075563545158403,薄曇り〜曇り,7.84,5.7,18.26
2020-04-22,51909.0,9.6,1,2,False,False,0,1.5578370978781657,13.107924314097488,晴れ,8.629999999999999,9.1,24.36
2020-04-23,37654.0,5.2,0,3,False,False,0,1.5605749486652978,13.14004814075375,薄曇り〜曇り,7.94,5.7,14.81
2020-04-24,57696.0,11.8,1,4,False,False,0,1.5633127994524298,13.171925509399422,快晴,6.500000000000001,9.1,27.54
2020-04-25,48515.0,12.3,1,5,True,False,1,1.566050650239562,13.203546746475972,快晴,7.000000000000001,9.1,26.51
2020-04-26,30171.0,2.4,0,6,True,False,1,1.568788501026694,13.234902021704162,曇り・雨,4.83,0.0,11.87
2020-04-27,50166.0,10.6,1,0,False,False,0,1.571526351813826,13.265981349763429,晴れ,9.629999999999999,9.1,25.8
2020-04-28,54033.0,12.1,1,1,False,False,0,1.5742642026009583,13.296774592559082,快晴,6.8,9.1,27.0
2020-04-29,53344.0,12.6,1,2,False,True,1,1.5770020533880904,13.327271462095041,快晴,7.3,9.1,27.6
2020-04-30,57802.0,12.8,1,3,False,False,0,1.5797399041752225,13.357461523968977,快晴,7.500000000000001,9.1,27.9
2020-05-01,55829.0,10.9,1,4,False,False,0,1.5824777549623545,13.38733420150574,快晴,5.6000000000000005,9.1,25.06
2020-05-02,49957.0,8.2,1,5,True,False,1,1.5852156057494866,13.416878780543664,晴れ,7.2299999999999995,9.1,22.06
2020-05-03,11110.0,1.2,0,6,True,True,1,1.5879534565366187,13.446084414887167,曇り・雨,3.63,0.0,5.44
2020-05-04,39281.0,4.4,1,0,False,True,1,1.5906913073237507,13.474940132437409,薄曇り〜曇り,7.140000000000001,5.7,16.54
2020-05-05,37607.0,6.3,1,1,False,True,1,1.593429158110883,13.503434842011178,晴れ,5.33,9.1,19.84
2020-05-06,39023.0,7.8,1,2,False,True,1,1.596167008898015,13.531557340856347,晴れ,6.83,9.1,22.27
2020-05-07,55882.0,12.9,1,3,False,False,0,1.5989048596851472,13.559296322870177,快晴,7.6000000000000005,9.1,29.01
2020-05-08,49591.0,12.4,1,4,False,False,0,1.6016427104722792,13.586640387524545,快晴,7.1000000000000005,9.1,28.26
2020-05-09,20227.0,0.2,0,5,True,False,1,1.6043805612594113,13.613578049499889,曇り・雨,2.6300000000000003,0.0,3.85
2020-05-10,17688.0,0.6,0,6,True,False,1,1.6071184120465434,13.64009774902699,曇り・雨,3.0300000000000002,0.0,8.36
2020-05-11,55334.0,13.0,1,0,False,False,0,1.6098562628336757,13.666187862933171,快晴,7.7,9.1,29.22
2020-05-12,42420.0,7.7,1,1,False,False,0,1.6125941136208077,13.691836716386437,晴れ,6.73,9.1,20.27
2020-05-13,56434.0,12.9,1,2,False,False,0,1.6153319644079398,13.71703259532821,快晴,7.6000000000000005,9.1,29.67
2020-05-14,57470.0,12.2,1,3,False,False,0,1.6180698151950719,13.741763759582074,快晴,6.8999999999999995,9.1,27.68
2020-05-15,15210.0,0.0,0,4,False,False,0,1.620807665982204,13.766018456622673,曇り・雨,2.43,0.0,2.7
2020-05-16,14535.0,1.7,0,5,True,False,1,1.623545516769336,13.789784935985415,曇り・雨,4.13,0.0,10.62
2020-05-17,31105.0,4.3,1,6,True,False,1,1.626283367556468,13.81305146429425,薄曇り〜曇り,7.04,5.7,19.36
2020-05-18,7293.0,0.0,0,0,False,False,0,1.6290212183436004,13.835806340881074,曇り・雨,2.43,0.0,3.67
2020-05-19,47136.0,8.6,1,1,False,False,0,1.6317590691307324,13.85803791396665,晴れ,7.63,9.1,23.67
2020-05-20,51507.0,10.9,1,2,False,False,0,1.6344969199178645,13.879734597369325,晴れ,9.93,9.1,27.87
2020-05-21,41913.0,7.9,1,3,False,False,0,1.6372347707049966,13.900884887704006,晴れ,6.930000000000001,9.1,22.19
2020-05-22,47605.0,12.8,0,4,False,False,0,1.6399726214921286,13.921477382030147,快晴,7.500000000000001,9.1,27.07
2020-05-23,50057.0,10.5,0,5,True,False,1,1.6427104722792607,13.941500795903929,晴れ,9.53,9.1,25.01
2020-05-24,45653.0,11.7,1,6,True,False,1,1.6454483230663928,13.960943981786077,快晴,6.3999999999999995,9.1,26.78
2020-05-25,39614.0,2.1,0,0,False,False,0,1.648186173853525,13.979795947753377,曇り・雨,4.53,0.0,13.85
2020-05-26,15314.0,0.1,0,1,False,False,0,1.6509240246406571,13.998045876458507,曇り・雨,2.5300000000000002,0.0,6.0
2020-05-27,50319.0,7.8,0,2,False,False,0,1.6536618754277892,14.015683144279617,晴れ,6.83,9.1,23.91
2020-05-28,63810.0,11.2,0,3,False,False,0,1.6563997262149213,14.03269734059815,晴れ,10.229999999999999,9.1,26.63
2020-05-29,61327.0,12.6,0,4,False,False,0,1.6591375770020533,14.049078287140494,快晴,7.3,9.1,27.39
2020-05-30,26421.0,0.5,0,5,True,False,1,1.6618754277891854,14.064816057316735,曇り・雨,2.93,0.0,13.37
2020-05-31,33417.0,4.1,0,6,True,False,1,1.6646132785763177,14.079900995487389,薄曇り〜曇り,6.84,5.7,19.08
2020-06-01,24959.0,2.6,0,0,False,False,0,1.6673511293634498,14.09432373608728,曇り・雨,5.03,0.0,13.49
2020-06-02,59584.0,13.3,0,1,False,False,0,1.6700889801505818,14.108075222534115,快晴,8.0,9.1,29.13
2020-06-03,17774.0,0.9,0,2,False,False,0,1.672826830937714,14.121146725848265,曇り・雨,3.33,0.0,10.68
2020-06-04,35290.0,9.3,0,3,False,False,0,1.675564681724846,14.133529862909443,晴れ,8.33,9.1,21.96
2020-06-05,48279.0,6.7,0,4,False,False,0,1.678302532511978,14.145216614275846,晴れ,5.73,9.1,18.28
2020-06-06,17783.0,0.0,0,5,True,False,1,1.68104038329911,14.156199341491366,曇り・雨,2.43,0.0,8.33
2020-06-07,59278.0,10.8,1,6,True,False,1,1.6837782340862424,14.16647080380724,晴れ,9.83,9.1,27.11
2020-06-08,56528.0,13.0,0,0,False,False,0,1.6865160848733745,14.176024174245576,快晴,7.7,9.1,28.91
2020-06-09,48678.0,10.1,0,1,False,False,0,1.6892539356605065,14.184853054933804,晴れ,9.129999999999999,9.1,25.5
2020-06-10,56425.0,11.0,0,2,False,False,0,1.6919917864476386,14.19295149164129,晴れ,10.03,9.1,26.74
2020-06-11,6439.0,0.0,0,3,False,False,0,1.6947296372347707,14.200313987451876,曇り・雨,2.43,0.0,5.55
2020-06-12,26305.0,4.0,0,4,False,False,0,1.6974674880219027,14.20693551550919,薄曇り〜曇り,6.74,5.7,18.29
2020-06-13,21052.0,0.0,0,5,True,False,1,1.700205338809035,14.212811530775161,曇り・雨,2.43,0.0,5.77
2020-06-14,19947.0,0.2,0,6,True,False,1,1.702943189596167,14.217937980746093,曇り・雨,2.6300000000000003,0.0,7.01
2020-06-15,26671.0,7.0,0,0,False,False,0,1.7056810403832992,14.222311315075144,晴れ,6.03,9.1,21.61
2020-06-16,56101.0,11.3,0,1,False,False,0,1.7084188911704312,14.225928494054779,晴れ,10.33,9.1,28.5
2020-06-17,34245.0,5.5,0,2,False,False,0,1.7111567419575633,14.228786995918016,薄曇り〜曇り,8.24,5.7,18.42
2020-06-18,6868.0,0.0,0,3,False,False,0,1.7138945927446954,14.23088482292273,曇り・雨,2.43,0.0,3.86
2020-06-19,18918.0,2.3,0,4,False,False,0,1.7166324435318274,14.232220506189085,曇り・雨,4.73,0.0,10.16
2020-06-20,40302.0,7.7,0,5,True,False,1,1.7193702943189597,14.232793109266195,晴れ,6.73,9.1,23.49
2020-06-21,23541.0,5.1,0,6,True,False,1,1.7221081451060918,14.232602230410311,薄曇り〜曇り,7.84,5.7,16.77
2020-06-22,63887.0,13.7,1,0,False,False,0,1.7248459958932238,14.23164800356321,快晴,8.399999999999999,9.1,29.35
2020-06-23,65679.0,13.2,0,1,False,False,0,1.727583846680356,14.22993109802594,快晴,7.8999999999999995,9.1,28.75
2020-06-24,60093.0,10.0,0,2,False,False,0,1.730321697467488,14.227452716829506,晴れ,9.03,9.1,25.89
2020-06-25,22760.0,0.9,0,3,False,False,0,1.73305954825462,14.224214593810629,曇り・雨,3.33,0.0,6.71
2020-06-26,40096.0,8.5,0,4,False,False,0,1.7357973990417521,14.220218989407106,晴れ,7.53,9.1,22.8
2020-06-27,15312.0,3.5,0,5,True,False,1,1.7385352498288844,14.215468685193562,薄曇り〜曇り,6.24,5.7,15.7
2020-06-28,50907.0,7.4,0,6,True,False,1,1.7412731006160165,14.209966977184571,晴れ,6.430000000000001,9.1,22.56
2020-06-29,27075.0,4.9,0,0,False,False,0,1.7440109514031485,14.203717667937985,薄曇り〜曇り,7.640000000000001,5.7,12.58
2020-06-30,16045.0,2.0,0,1,False,False,0,1.7467488021902806,14.196725057497,曇り・雨,4.43,0.0,13.25
2020-07-01,42147.0,3.4,0,2,False,False,0,1.7494866529774127,14.188993933214745,薄曇り〜曇り,6.140000000000001,5.7,14.68
2020-07-02,52901.0,8.4,0,3,False,False,0,1.7522245037645447,14.180529558510328,晴れ,7.430000000000001,9.1,21.29
2020-07-03,10008.0,0.0,0,4,False,False,0,1.754962354551677,14.171337660609705,曇り・雨,2.43,0.0,7.35
2020-07-04,28407.0,0.5,0,5,True,False,1,1.757700205338809,14.161424417329062,曇り・雨,2.93,0.0,10.45
2020-07-05,19434.0,1.8,0,6,True,False,1,1.7604380561259412,14.15079644296216,曇り・雨,4.23,0.0,12.61
2020-07-06,7567.0,0.0,0,0,False,False,0,1.7631759069130732,14.139460773336346,曇り・雨,2.43,0.0,1.08
2020-07-07,8006.0,0.0,0,1,False,False,0,1.7659137577002053,14.127424850104802,曇り・雨,2.43,0.0,2.46
2020-07-08,36871.0,4.8,0,2,False,False,0,1.7686516084873374,14.114696504345009,薄曇り〜曇り,7.54,5.7,20.3
2020-07-09,13587.0,0.8,0,3,False,False,0,1.7713894592744694,14.101283939535145,曇り・雨,3.2300000000000004,0.0,7.84
2020-07-10,11454.0,0.0,0,4,False,False,0,1.7741273100616017,14.08719571398165,曇り・雨,2.43,0.0,2.31
2020-07-11,21103.0,3.1,0,5,True,False,1,1.7768651608487338,14.072440722772015,薄曇り〜曇り,5.84,5.7,16.07
2020-07-12,21716.0,0.0,0,6,True,False,1,1.7796030116358659,14.05702817932723,曇り・雨,2.43,0.0,4.5
2020-07-13,16582.0,0.0,0,0,False,False,0,1.782340862422998,14.040967596628356,曇り・雨,2.43,0.0,5.38
2020-07-14,16496.0,0.5,0,1,False,False,0,1.78507871321013,14.024268768191197,曇り・雨,2.93,0.0,6.63
2020-07-15,18030.0,0.3,0,2,False,False,0,1.787816563997262,14.006941748861998,曇り・雨,2.73,0.0,8.38
2020-07-16,29380.0,6.2,0,3,False,False,0,1.7905544147843941,13.98899683550596,晴れ,5.23,9.1,19.46
2020-07-17,48917.0,7.4,0,4,False,False,0,1.7932922655715264,13.970444547658545,晴れ,6.430000000000001,9.1,22.87
2020-07-18,41768.0,2.2,0,5,True,False,1,1.7960301163586585,13.951295608207523,曇り・雨,4.630000000000001,0.0,14.74
2020-07-19,38263.0,5.8,0,6,True,False,1,1.7987679671457906,13.931560924171414,晴れ,4.83,9.1,17.77
2020-07-20,46212.0,8.8,0,0,False,False,0,1.8015058179329226,13.911251567637255,晴れ,7.830000000000001,9.1,22.05
2020-07-21,39932.0,1.5,0,1,False,False,0,1.8042436687200547,13.89037875691781,曇り・雨,3.93,0.0,11.6
2020-07-22,42084.0,0.3,0,2,False,False,0,1.8069815195071868,13.868953837985188,曇り・雨,2.73,0.0,9.64
2020-07-23,25363.0,0.0,0,3,False,True,1,1.809719370294319,13.846988266234568,曇り・雨,2.43,0.0,6.11
2020-07-24,12079.0,3.8,0,4,False,True,1,1.8124572210814511,13.824493588628266,薄曇り〜曇り,6.54,5.7,15.06
2020-07-25,31990.0,0.8,0,5,True,False,1,1.8151950718685832,13.801481426266877,曇り・雨,3.2300000000000004,0.0,9.82
2020-07-26,22635.0,0.9,0,6,True,False,1,1.8179329226557153,13.777963457430513,曇り・雨,3.33,0.0,8.66
2020-07-27,12935.0,0.0,0,0,False,False,0,1.8206707734428473,13.75395140112952,曇り・雨,2.43,0.0,3.1
2020-07-28,32148.0,1.3,0,1,False,False,0,1.8234086242299794,13.729457001200323,曇り・雨,3.7300000000000004,0.0,8.83
2020-07-29,50129.0,4.3,0,2,False,False,0,1.8261464750171115,13.704492010978322,薄曇り〜曇り,7.04,5.7,12.78
2020-07-30,55092.0,12.3,0,3,False,False,0,1.8288843258042438,13.67906817857606,快晴,7.000000000000001,9.1,26.93
2020-07-31,52995.0,7.3,0,4,False,False,0,1.8316221765913758,13.653197232791292,晴れ,6.33,9.1,21.38
2020-08-01,50773.0,7.6,0,5,True,False,1,1.834360027378508,13.626890869665981,晴れ,6.63,9.1,22.58
2020-08-02,55604.0,8.8,0,6,True,False,1,1.83709787816564,13.600160739713779,晴れ,7.830000000000001,9.1,21.97
2020-08-03,50459.0,8.7,0,0,False,False,0,1.839835728952772,13.573018435830209,晴れ,7.7299999999999995,9.1,22.59
2020-08-04,55088.0,11.6,0,1,False,False,0,1.842573579739904,13.54547548189653,快晴,6.3,9.1,24.87
2020-08-05,53737.0,9.4,0,2,False,False,0,1.8453114305270362,13.517543322085114,晴れ,8.43,9.1,21.09
2020-08-06,48216.0,9.4,0,3,False,False,0,1.8480492813141685,13.48923331087133,晴れ,8.43,9.1,19.97
2020-08-07,36530.0,0.3,0,4,False,False,0,1.8507871321013005,13.46055670375401,曇り・雨,2.73,0.0,10.96
2020-08-08,42769.0,5.0,0,5,True,False,1,1.8535249828884326,13.431524648684064,薄曇り〜曇り,7.74,5.7,19.01
2020-08-09,43169.0,5.1,0,6,True,False,1,1.8562628336755647,13.40214817819824,薄曇り〜曇り,7.84,5.7,15.58
2020-08-10,27108.0,3.0,0,0,False,True,1,1.8590006844626967,13.372438202252882,薄曇り〜曇り,5.74,5.7,10.57
2020-08-11,29240.0,0.0,0,1,False,False,0,1.8617385352498288,13.342405501750308,曇り・雨,2.43,0.0,4.39
2020-08-12,46703.0,7.4,0,2,False,False,0,1.864476386036961,13.312060722748557,晴れ,6.430000000000001,9.1,20.4
2020-08-13,54231.0,9.1,0,3,False,False,0,1.8672142368240932,13.281414371343528,晴れ,8.129999999999999,9.1,20.48
2020-08-14,57243.0,11.8,0,4,False,False,0,1.8699520876112252,13.25047680921085,快晴,6.500000000000001,9.1,24.46
2020-08-15,58088.0,12.7,0,5,True,False,1,1.8726899383983573,13.219258249793521,快晴,7.3999999999999995,9.1,26.72
2020-08-16,56636.0,12.6,0,6,True,False,1,1.8754277891854894,13.187768755120002,快晴,7.3,9.1,26.23
2020-08-17,56383.0,10.9,0,0,False,False,0,1.8781656399726214,13.156018233236434,快晴,5.6000000000000005,9.1,25.67
2020-08-18,57307.0,12.1,0,1,False,False,0,1.8809034907597535,13.1240164362356,快晴,6.8,9.1,26.27
2020-08-19,55573.0,12.1,0,2,False,False,0,1.8836413415468858,13.09177295886456,快晴,6.8,9.1,25.45
2020-08-20,52871.0,11.8,0,3,False,False,0,1.8863791923340179,13.059297237692153,快晴,6.500000000000001,9.1,25.15
2020-08-21,47923.0,7.7,0,4,False,False,0,1.88911704312115,13.026598550817024,晴れ,6.73,9.1,21.66
2020-08-22,38347.0,7.3,0,5,True,False,1,1.891854893908282,12.993686018096447,晴れ,6.33,9.1,18.3
2020-08-23,40244.0,5.9,0,6,True,False,1,1.894592744695414,12.960568601875877,晴れ,4.930000000000001,9.1,15.62
2020-08-24,50455.0,12.0,0,0,False,False,0,1.8973305954825461,12.927255108198995,快晴,6.7,9.1,24.06
2020-08-25,41986.0,9.0,0,1,False,False,0,1.9000684462696784,12.89375418847788,晴れ,8.03,9.1,20.68
2020-08-26,26167.0,3.9,0,2,False,False,0,1.9028062970568105,12.860074341602939,薄曇り〜曇り,6.640000000000001,5.7,14.17
2020-08-27,27797.0,1.3,0,3,False,False,0,1.9055441478439425,12.82622391647227,曇り・雨,3.7300000000000004,0.0,10.34
2020-08-28,34808.0,5.0,0,4,False,False,0,1.9082819986310746,12.792211114920267,薄曇り〜曇り,7.74,5.7,14.55
2020-08-29,53033.0,11.7,0,5,True,False,1,1.9110198494182067,12.75804399502553,快晴,6.3999999999999995,9.1,24.6
2020-08-30,49504.0,11.8,0,6,True,False,1,1.9137577002053388,12.72373047477822,快晴,6.500000000000001,9.1,24.68
2020-08-31,47960.0,7.2,0,0,False,False,0,1.9164955509924708,12.689278336087558,晴れ,6.23,9.1,19.32
2020-09-01,34945.0,7.1,0,1,False,False,0,1.919233401779603,12.654695229110223,晴れ,6.13,9.1,17.25
2020-09-02,23032.0,3.7,0,2,False,False,0,1.9219712525667352,12.619988676880961,薄曇り〜曇り,6.44,5.7,12.43
2020-09-03,41101.0,7.7,0,3,False,False,0,1.9247091033538672,12.58516608022704,晴れ,6.73,9.1,17.7
2020-09-04,38168.0,6.4,0,4,False,False,0,1.9274469541409993,12.550234722948602,晴れ,5.430000000000001,9.1,17.79
2020-09-05,31489.0,0.3,0,5,True,False,1,1.9301848049281314,12.515201777247361,曇り・雨,2.73,0.0,6.96
2020-09-06,8328.0,0.1,0,6,True,False,1,1.9329226557152634,12.48007430938661,曇り・雨,2.5300000000000002,0.0,3.17
2020-09-07,27008.0,5.1,0,0,False,False,0,1.9356605065023955,12.44485928556582,晴れ,4.13,9.1,15.88
2020-09-08,47339.0,10.8,0,1,False,False,0,1.9383983572895278,12.409563577993655,快晴,5.500000000000001,9.1,23.05
2020-09-09,34310.0,3.8,0,2,False,False,0,1.9411362080766599,12.374193971143582,薄曇り〜曇り,6.54,5.7,12.59
2020-09-10,41575.0,9.5,0,3,False,False,0,1.943874058863792,12.33875716817668,晴れ,8.53,9.1,20.21
2020-09-11,28308.0,1.7,0,4,False,False,0,1.946611909650924,12.30325979751669,曇り・雨,4.13,0.0,11.28
2020-09-12,19608.0,0.0,0,5,True,False,1,1.949349760438056,12.267708419562661,曇り・雨,2.43,0.0,5.99
2020-09-13,38826.0,7.2,0,6,True,False,1,1.9520876112251881,12.232109533524966,晴れ,6.23,9.1,19.99
2020-09-14,45131.0,10.0,0,0,False,False,0,1.9548254620123204,12.19646958437075,快晴,4.7,9.1,21.41
2020-09-15,38620.0,8.3,0,1,False,False,0,1.9575633127994525,12.160794969865195,晴れ,7.330000000000001,9.1,20.26
2020-09-16,9249.0,0.0,0,2,False,False,0,1.9603011635865846,12.125092047695267,曇り・雨,2.43,0.0,3.67
2020-09-17,14845.0,0.1,0,3,False,False,0,1.9630390143737166,12.08936714266281,曇り・雨,2.5300000000000002,0.0,3.39
2020-09-18,19090.0,0.0,0,4,False,False,0,1.9657768651608487,12.053626553934135,曇り・雨,2.43,0.0,3.19
2020-09-19,30122.0,6.2,0,5,True,False,1,1.9685147159479808,12.01787656233332,晴れ,5.23,9.1,15.78
2020-09-20,34368.0,9.7,0,6,True,False,1,1.9712525667351128,11.98212343766668,快晴,4.3999999999999995,9.1,18.48
2020-09-21,49093.0,10.6,0,0,False,True,1,1.9739904175222451,11.946373446065865,快晴,5.3,9.1,20.25
2020-09-22,34351.0,5.5,0,1,False,True,1,1.9767282683093772,11.91063285733719,晴れ,4.53,9.1,15.25
2020-09-23,31089.0,6.0,0,2,False,False,0,1.9794661190965093,11.874907952304735,晴れ,5.03,9.1,15.07
2020-09-24,6328.0,0.0,0,3,False,False,0,1.9822039698836413,11.839205030134805,曇り・雨,2.43,0.0,2.96
2020-09-25,39935.0,6.3,0,4,False,False,0,1.9849418206707734,11.803530415629252,晴れ,5.33,9.1,16.68
2020-09-26,32255.0,6.0,0,5,True,False,1,1.9876796714579055,11.767890466475032,晴れ,5.03,9.1,16.87
2020-09-27,43690.0,8.9,1,6,True,False,1,1.9904175222450375,11.732291580437339,晴れ,7.930000000000001,9.1,18.68
2020-09-28,46267.0,9.4,0,0,False,False,0,1.9931553730321698,11.696740202483312,快晴,4.1000000000000005,9.1,19.82
2020-09-29,48445.0,10.6,0,1,False,False,0,1.995893223819302,11.661242831823321,快晴,5.3,9.1,20.92
2020-09-30,24749.0,7.2,0,2,False,False,0,1.998631074606434,11.62580602885642,晴れ,6.23,9.1,16.96
2020-10-01,49624.0,8.5,0,3,False,False,0,2.001368925393566,11.590436422006345,晴れ,7.53,9.1,18.5
2020-10-02,49606.0,10.6,0,4,False,False,0,2.004106776180698,11.555140714434181,快晴,5.3,9.1,19.63
2020-10-03,41939.0,3.5,0,5,True,False,1,2.00684462696783,11.519925690613391,薄曇り〜曇り,6.24,5.7,13.01
2020-10-04,32385.0,0.3,0,6,True,False,1,2.0095824777549622,11.48479822275264,曇り・雨,2.73,0.0,6.41
2020-10-05,43571.0,7.3,0,0,False,False,0,2.0123203285420943,11.4497652770514,晴れ,6.33,9.1,17.56
2020-10-06,50973.0,10.6,0,1,False,False,0,2.0150581793292264,11.41483391977296,快晴,5.3,9.1,20.23
2020-10-07,46269.0,9.9,0,2,False,False,0,2.0177960301163584,11.38001132311904,快晴,4.6000000000000005,9.1,19.6
2020-10-08,21244.0,2.7,0,3,False,False,0,2.020533880903491,11.345304770889777,薄曇り〜曇り,5.44,5.7,11.45
2020-10-09,29777.0,4.8,0,4,False,False,0,2.023271731690623,11.310721663912442,晴れ,3.83,9.1,15.02
2020-10-10,33838.0,0.0,0,5,True,False,1,2.026009582477755,11.276269525221782,曇り・雨,2.43,0.0,4.7
2020-10-11,32517.0,0.8,0,6,True,False,1,2.028747433264887,11.241956004974472,曇り・雨,3.2300000000000004,0.0,8.69
2020-10-12,36536.0,6.1,0,0,False,False,0,2.0314852840520192,11.207788885079731,晴れ,5.13,9.1,13.45
2020-10-13,46082.0,9.6,0,1,False,False,0,2.0342231348391513,11.173776083527732,快晴,4.3,9.1,17.93
2020-10-14,43377.0,10.0,0,2,False,False,0,2.0369609856262834,11.13992565839706,快晴,4.7,9.1,17.66
2020-10-15,44649.0,9.8,0,3,False,False,0,2.0396988364134154,11.106245811522118,快晴,4.500000000000001,9.1,17.95
2020-10-16,24821.0,2.5,0,4,False,False,0,2.0424366872005475,11.072744891801005,薄曇り〜曇り,5.24,5.7,9.98
2020-10-17,19450.0,6.5,0,5,True,False,1,2.0451745379876796,11.039431398124123,晴れ,5.53,9.1,14.25
2020-10-18,38022.0,9.9,0,6,True,False,1,2.0479123887748116,11.006313981903551,快晴,4.6000000000000005,9.1,17.92
2020-10-19,27629.0,6.5,0,0,False,False,0,2.0506502395619437,10.973401449182974,晴れ,5.53,9.1,15.35
2020-10-20,46389.0,10.3,0,1,False,False,0,2.0533880903490758,10.940702762307847,快晴,5.000000000000001,9.1,18.42
2020-10-21,36675.0,6.7,0,2,False,False,0,2.0561259411362083,10.90822704113544,晴れ,5.73,9.1,14.01
2020-10-22,6804.0,0.0,0,3,False,False,0,2.0588637919233403,10.8759835637644,曇り・雨,2.43,0.0,2.09
2020-10-23,38953.0,7.3,0,4,False,False,0,2.0616016427104724,10.843981766763564,晴れ,6.33,9.1,15.9
2020-10-24,42335.0,7.8,0,5,True,False,1,2.0643394934976045,10.812231244879996,晴れ,6.83,9.1,16.11
2020-10-25,44516.0,10.2,1,6,True,False,1,2.0670773442847366,10.78074175020648,快晴,4.8999999999999995,9.1,17.68
2020-10-26,42764.0,10.0,0,0,False,False,0,2.0698151950718686,10.74952319078915,快晴,4.7,9.1,17.37
2020-10-27,40698.0,10.1,0,1,False,False,0,2.0725530458590007,10.718585628656472,快晴,4.8,9.1,16.31
2020-10-28,28015.0,1.8,0,2,False,False,0,2.0752908966461328,10.687939277251441,曇り・雨,4.23,0.0,7.93
2020-10-29,34250.0,9.2,0,3,False,False,0,2.078028747433265,10.657594498249694,快晴,3.8999999999999995,9.1,15.1
2020-10-30,35295.0,7.8,0,4,False,False,0,2.080766598220397,10.627561797747116,晴れ,6.83,9.1,14.66
2020-10-31,41600.0,9.9,0,5,True,False,1,2.083504449007529,10.597851821801761,快晴,4.6000000000000005,9.1,16.44
2020-11-01,27536.0,7.9,0,6,True,False,1,2.086242299794661,10.568475351315936,晴れ,6.930000000000001,9.1,14.79
2020-11-02,5762.0,0.0,0,0,False,False,0,2.088980150581793,10.53944329624599,曇り・雨,2.43,0.0,1.58
2020-11-03,40202.0,8.0,0,1,False,True,1,2.0917180013689256,10.510766689128673,晴れ,7.03,9.1,13.26
2020-11-04,44635.0,9.8,0,2,False,False,0,2.0944558521560577,10.482456677914888,快晴,4.500000000000001,9.1,16.3
2020-11-05,41294.0,7.9,0,3,False,False,0,2.0971937029431897,10.45452451810347,晴れ,6.930000000000001,9.1,15.29
2020-11-06,22803.0,3.9,0,4,False,False,0,2.099931553730322,10.42698156416979,薄曇り〜曇り,6.640000000000001,5.7,10.98
2020-11-07,11030.0,0.0,0,5,True,False,1,2.102669404517454,10.399839260286221,曇り・雨,2.43,0.0,2.9
2020-11-08,27832.0,9.6,0,6,True,False,1,2.105407255304586,10.373109130334019,快晴,4.3,9.1,14.61
2020-11-09,41559.0,7.8,0,0,False,False,0,2.108145106091718,10.346802767208708,晴れ,6.83,9.1,13.24
2020-11-10,34453.0,3.8,0,1,False,False,0,2.11088295687885,10.320931821423939,薄曇り〜曇り,6.54,5.7,8.19
2020-11-11,35960.0,9.1,0,2,False,False,0,2.113620807665982,10.295507989021678,快晴,3.8,9.1,14.3
2020-11-12,39084.0,9.6,0,3,False,False,0,2.116358658453114,10.270542998799677,快晴,4.3,9.1,14.97
2020-11-13,39327.0,9.6,0,4,False,False,0,2.1190965092402463,10.24604859887048,快晴,4.3,9.1,14.66
2020-11-14,38290.0,9.6,0,5,True,False,1,2.1218343600273784,10.222036542569487,快晴,4.3,9.1,14.4
2020-11-15,35224.0,7.8,0,6,True,False,1,2.1245722108145104,10.198518573733121,晴れ,6.83,9.1,12.83
2020-11-16,18528.0,1.3,0,0,False,False,0,2.127310061601643,10.175506411371734,曇り・雨,3.7300000000000004,0.0,5.81
2020-11-17,25971.0,4.5,0,1,False,False,0,2.130047912388775,10.153011733765432,晴れ,3.5300000000000002,9.1,9.13
2020-11-18,29394.0,7.7,0,2,False,False,0,2.132785763175907,10.13104616201481,晴れ,6.73,9.1,11.01
2020-11-19,21563.0,1.0,0,3,False,False,0,2.135523613963039,10.109621243082191,曇り・雨,3.43,0.0,3.64
2020-11-20,16894.0,0.6,0,4,False,False,0,2.138261464750171,10.088748432362745,曇り・雨,3.0300000000000002,0.0,4.92
2020-11-21,37063.0,9.2,0,5,True,False,1,2.1409993155373033,10.068439075828586,快晴,3.8999999999999995,9.1,14.05
2020-11-22,14529.0,0.2,0,6,True,False,1,2.1437371663244353,10.048704391792477,曇り・雨,2.6300000000000003,0.0,2.61
2020-11-23,25646.0,3.0,0,0,False,True,1,2.1464750171115674,10.029555452341455,薄曇り〜曇り,5.74,5.7,7.46
2020-11-24,27017.0,5.8,0,1,False,False,0,2.1492128678986995,10.01100316449404,晴れ,4.83,9.1,10.97
2020-11-25,24028.0,2.3,0,2,False,False,0,2.1519507186858315,9.993058251138,薄曇り〜曇り,5.04,5.7,7.14
2020-11-26,22556.0,2.7,0,3,False,False,0,2.1546885694729636,9.975731231808803,薄曇り〜曇り,5.44,5.7,6.8
2020-11-27,23310.0,0.6,0,4,False,False,0,2.1574264202600957,9.959032403371644,曇り・雨,3.0300000000000002,0.0,4.89
2020-11-28,29203.0,2.7,0,5,True,False,1,2.1601642710472277,9.942971820672772,薄曇り〜曇り,5.44,5.7,7.69
2020-11-29,24639.0,1.2,0,6,True,False,1,2.16290212183436,9.927559277227983,曇り・雨,3.63,0.0,5.01
2020-11-30,13298.0,2.9,0,0,False,False,0,2.1656399726214923,9.912804286018348,薄曇り〜曇り,5.640000000000001,5.7,7.56
2020-12-01,35763.0,8.5,0,1,False,False,0,2.1683778234086244,9.898716060464855,快晴,3.2,9.1,12.68
2020-12-02,25340.0,7.6,0,2,False,False,0,2.1711156741957565,9.88530349565499,晴れ,6.63,9.1,11.83
2020-12-03,25488.0,3.2,0,3,False,False,0,2.1738535249828885,9.872575149895196,薄曇り〜曇り,5.94,5.7,7.31
2020-12-04,28386.0,0.8,0,4,False,False,0,2.1765913757700206,9.860539226663656,曇り・雨,3.2300000000000004,0.0,3.5
2020-12-05,34950.0,7.9,0,5,True,False,1,2.1793292265571527,9.849203557037837,快晴,2.6000000000000005,9.1,11.96
2020-12-06,26304.0,8.7,0,6,True,False,1,2.1820670773442847,9.838575582670936,快晴,3.3999999999999995,9.1,12.43
2020-12-07,26831.0,4.9,0,0,False,False,0,2.184804928131417,9.828662339390293,晴れ,3.9300000000000006,9.1,7.85
2020-12-08,23672.0,2.9,0,1,False,False,0,2.187542778918549,9.81947044148967,薄曇り〜曇り,5.640000000000001,5.7,6.77
2020-12-09,24318.0,6.5,0,2,False,False,0,2.190280629705681,9.811006066785255,晴れ,5.53,9.1,10.11
2020-12-10,24932.0,2.2,0,3,False,False,0,2.193018480492813,9.803274942503,薄曇り〜曇り,4.94,5.7,7.28
2020-12-11,19584.0,3.8,0,4,False,False,0,2.195756331279945,9.796282332062013,薄曇り〜曇り,6.54,5.7,7.37
2020-12-12,24866.0,4.3,0,5,True,False,1,2.198494182067077,9.790033022815427,晴れ,3.33,9.1,7.83
2020-12-13,26884.0,1.9,0,6,True,False,1,2.2012320328542097,9.784531314806436,曇り・雨,4.33,0.0,6.2
2020-12-14,17963.0,1.8,0,0,False,False,0,2.2039698836413417,9.779781010592892,曇り・雨,4.23,0.0,6.09
2020-12-15,26050.0,5.1,0,1,False,False,0,2.206707734428474,9.77578540618937,晴れ,4.13,9.1,9.46
2020-12-16,21998.0,4.9,0,2,False,False,0,2.209445585215606,9.772547283170494,晴れ,3.9300000000000006,9.1,9.51
2020-12-17,32086.0,4.3,0,3,False,False,0,2.212183436002738,9.770068901974058,晴れ,3.33,9.1,8.36
2020-12-18,25258.0,1.6,0,4,False,False,0,2.21492128678987,9.768351996436788,曇り・雨,4.03,0.0,5.67
2020-12-19,25363.0,5.4,0,5,True,False,1,2.217659137577002,9.767397769589689,晴れ,4.430000000000001,9.1,8.29
2020-12-20,30310.0,7.2,0,6,True,False,1,2.220396988364134,9.767206890733803,晴れ,6.23,9.1,11.03
2020-12-21,27547.0,1.9,0,0,False,False,0,2.223134839151266,9.767779493810915,曇り・雨,4.33,0.0,5.32
2020-12-22,25821.0,1.1,0,1,False,False,0,2.2258726899383983,9.76911517707727,曇り・雨,3.5300000000000002,0.0,4.1
2020-12-23,26766.0,6.2,0,2,False,False,0,2.2286105407255303,9.771213004081984,晴れ,5.23,9.1,8.99
2020-12-24,5658.0,1.0,0,3,False,False,0,2.2313483915126624,9.77407150594522,曇り・雨,3.43,0.0,2.09
2020-12-25,27078.0,4.0,0,4,False,False,0,2.2340862422997945,9.777688684924854,晴れ,3.0300000000000002,9.1,7.62
2020-12-26,32934.0,7.4,0,5,True,False,1,2.236824093086927,9.782062019253905,晴れ,6.430000000000001,9.1,11.05
2020-12-27,9608.0,0.3,0,6,True,False,1,2.239561943874059,9.787188469224839,曇り・雨,2.73,0.0,3.48
2020-12-28,31704.0,7.8,0,0,False,False,0,2.242299794661191,9.79306448449081,晴れ,6.83,9.1,11.19
2020-12-29,21187.0,1.4,0,1,False,False,0,2.245037645448323,9.799686012548124,曇り・雨,3.83,0.0,5.4
2020-12-30,16715.0,3.1,0,2,False,False,0,2.2477754962354553,9.80704850835871,薄曇り〜曇り,5.84,5.7,6.58
2020-12-31,28251.0,3.5,0,3,False,False,0,2.2505133470225873,9.815146945066195,薄曇り〜曇り,6.24,5.7,7.55
2021-01-01,21599.0,0.1,0,4,False,True,1,2.2532511978097194,9.815146945066195,曇り・雨,2.5300000000000002,0.0,2.53
2021-01-02,14399.0,0.1,0,5,True,False,1,2.2559890485968515,9.823975825754422,曇り・雨,2.5300000000000002,0.0,1.07
2021-01-03,33641.0,7.2,1,6,True,False,1,2.2587268993839835,9.833529196192758,晴れ,6.23,9.1,11.01
2021-01-04,32551.0,8.7,0,0,False,False,0,2.2614647501711156,9.843800658508634,快晴,3.3999999999999995,9.1,12.33
2021-01-05,12486.0,2.9,0,1,False,False,0,2.2642026009582477,9.854783385724152,薄曇り〜曇り,5.640000000000001,5.7,6.3
2021-01-06,18029.0,1.6,0,2,False,False,0,2.2669404517453797,9.866470137090555,曇り・雨,4.03,0.0,5.45
2021-01-07,16354.0,1.2,0,3,False,False,0,2.269678302532512,9.878853274151734,曇り・雨,3.63,0.0,5.08
2021-01-08,22521.0,0.8,0,4,False,False,0,2.272416153319644,9.891924777465883,曇り・雨,3.2300000000000004,0.0,4.4
2021-01-09,24530.0,1.1,0,5,True,False,1,2.2751540041067764,9.90567626391272,曇り・雨,3.5300000000000002,0.0,4.57
2021-01-10,27940.0,1.1,0,6,True,False,1,2.2778918548939084,9.92009900451261,曇り・雨,3.5300000000000002,0.0,5.65
2021-01-11,20133.0,2.7,0,0,False,True,1,2.2806297056810405,9.935183942683263,薄曇り〜曇り,5.44,5.7,7.94
2021-01-12,22026.0,1.4,0,1,False,False,0,2.2833675564681726,9.950921712859504,曇り・雨,3.83,0.0,5.43
2021-01-13,23620.0,1.0,0,2,False,False,0,2.2861054072553046,9.96730265940185,曇り・雨,3.43,0.0,3.77
2021-01-14,33517.0,5.7,0,3,False,False,0,2.2888432580424367,9.984316855720381,晴れ,4.73,9.1,9.63
2021-01-15,34962.0,8.3,0,4,False,False,0,2.291581108829569,10.001954123541493,快晴,3.000000000000001,9.1,11.61
2021-01-16,29895.0,6.4,0,5,True,False,1,2.294318959616701,10.020204052246623,晴れ,5.430000000000001,9.1,9.71
2021-01-17,30363.0,3.5,0,6,True,False,1,2.297056810403833,10.039056018213923,薄曇り〜曇り,6.24,5.7,7.88
2021-01-18,23254.0,1.0,0,0,False,False,0,2.299794661190965,10.058499204096071,曇り・雨,3.43,0.0,3.58
2021-01-19,39728.0,6.9,0,1,False,False,0,2.302532511978097,10.07852261796985,晴れ,5.930000000000001,9.1,12.84
2021-01-20,38458.0,9.3,0,2,False,False,0,2.305270362765229,10.099115112295992,快晴,4.000000000000001,9.1,14.14
2021-01-21,25348.0,4.5,0,3,False,False,0,2.308008213552361,10.120265402630674,晴れ,3.5300000000000002,9.1,9.51
2021-01-22,20555.0,1.4,0,4,False,False,0,2.3107460643394937,10.14196208603335,曇り・雨,3.83,0.0,5.7
2021-01-23,5430.0,0.0,0,5,True,False,1,2.3134839151266258,10.164193659118924,曇り・雨,2.43,0.0,1.92
2021-01-24,17116.0,0.0,0,6,True,False,1,2.316221765913758,10.186948535705747,曇り・雨,2.43,0.0,3.26
2021-01-25,38177.0,9.4,0,0,False,False,0,2.31895961670089,10.210215064014584,快晴,4.1000000000000005,9.1,14.49
2021-01-26,10220.0,0.0,0,1,False,False,0,2.321697467488022,10.233981543377325,曇り・雨,2.43,0.0,2.81
2021-01-27,33458.0,5.1,0,2,False,False,0,2.324435318275154,10.258236240417924,晴れ,4.13,9.1,10.02
2021-01-28,32003.0,5.7,0,3,False,False,0,2.327173169062286,10.28296740467179,晴れ,4.73,9.1,11.17
2021-01-29,30951.0,5.3,0,4,False,False,0,2.329911019849418,10.308163283613561,晴れ,4.33,9.1,11.19
2021-01-30,39614.0,6.8,0,5,True,False,1,2.3326488706365502,10.333812137066827,晴れ,5.83,9.1,11.97
2021-01-31,41493.0,9.3,0,6,True,False,1,2.3353867214236823,10.35990225097301,快晴,4.000000000000001,9.1,14.47
2021-02-01,17052.0,0.0,0,0,False,False,0,2.3381245722108144,10.386421950500111,曇り・雨,2.43,0.0,1.85
2021-02-02,40081.0,9.2,0,1,False,False,0,2.3408624229979464,10.413359612475453,快晴,3.8999999999999995,9.1,15.31
2021-02-03,40809.0,4.9,0,2,False,False,0,2.3436002737850785,10.440703677129822,晴れ,3.9300000000000006,9.1,10.31
2021-02-04,29263.0,5.2,0,3,False,False,0,2.346338124572211,10.468442659143651,晴れ,4.23,9.1,10.39
2021-02-05,30488.0,4.7,0,4,False,False,0,2.349075975359343,10.496565157988822,晴れ,3.7300000000000004,9.1,8.8
2021-02-06,30367.0,6.9,0,5,True,False,1,2.351813826146475,10.52505986756259,晴れ,5.930000000000001,9.1,12.32
2021-02-07,34137.0,5.9,1,6,True,False,1,2.3545516769336072,10.553915585112831,晴れ,4.930000000000001,9.1,11.38
2021-02-08,44457.0,8.9,0,0,False,False,0,2.3572895277207393,10.583121219456336,快晴,3.6000000000000005,9.1,16.67
2021-02-09,47395.0,9.5,0,1,False,False,0,2.3600273785078714,10.61266579849426,快晴,4.2,9.1,17.18
2021-02-10,41975.0,9.5,0,2,False,False,0,2.3627652292950034,10.64253847603102,快晴,4.2,9.1,14.68
2021-02-11,24208.0,4.0,0,3,False,True,1,2.3655030800821355,10.672728537904959,薄曇り〜曇り,6.74,5.7,10.34
2021-02-12,23184.0,5.0,0,4,False,False,0,2.3682409308692676,10.703225407440916,晴れ,4.03,9.1,11.17
2021-02-13,27010.0,6.3,0,5,True,False,1,2.3709787816563996,10.734018650236571,晴れ,5.33,9.1,14.44
2021-02-14,22500.0,3.6,0,6,True,False,1,2.3737166324435317,10.765097978295838,薄曇り〜曇り,6.34,5.7,9.01
2021-02-15,29759.0,3.9,0,0,False,False,0,2.3764544832306638,10.796453253524026,薄曇り〜曇り,6.640000000000001,5.7,10.62
2021-02-16,47999.0,8.6,0,1,False,False,0,2.379192334017796,10.828074490600576,晴れ,7.63,9.1,17.54
2021-02-17,29580.0,2.8,0,2,False,False,0,2.3819301848049284,10.859951859246248,薄曇り〜曇り,5.54,5.7,8.95
2021-02-18,22991.0,0.9,0,3,False,False,0,2.3846680355920604,10.892075685902512,曇り・雨,3.33,0.0,5.74
2021-02-19,47701.0,9.0,0,4,False,False,0,2.3874058863791925,10.924436454841596,快晴,3.7,9.1,17.63
2021-02-20,42597.0,10.1,1,5,True,False,1,2.3901437371663246,10.95702480872628,快晴,4.8,9.1,16.72
2021-02-21,38972.0,10.3,1,6,True,False,1,2.3928815879534566,10.989831548638971,快晴,5.000000000000001,9.1,17.8
2021-02-22,39115.0,9.3,0,0,False,False,0,2.3956194387405887,11.022847633600014,快晴,4.000000000000001,9.1,17.03
2021-02-23,45666.0,9.2,1,1,False,True,1,2.3983572895277208,11.056064179595328,快晴,3.8999999999999995,9.1,18.07
2021-02-24,45411.0,9.8,1,2,False,False,0,2.401095140314853,11.089472458133766,快晴,4.500000000000001,9.1,17.2
2021-02-25,30321.0,4.9,0,3,False,False,0,2.403832991101985,11.123063894354518,晴れ,3.9300000000000006,9.1,10.7
2021-02-26,5767.0,0.3,0,4,False,False,0,2.406570841889117,11.156830064704923,曇り・雨,2.73,0.0,4.39
2021-02-27,30206.0,5.1,0,5,True,False,1,2.409308692676249,11.190762694208985,晴れ,4.13,9.1,12.83
2021-02-28,33671.0,5.9,0,6,True,False,1,2.412046543463381,11.224853653346617,晴れ,4.930000000000001,9.1,14.78
2021-03-01,34215.0,6.1,0,0,False,False,0,2.414784394250513,11.259094954563576,晴れ,5.13,9.1,13.68
2021-03-02,28605.0,0.3,0,1,False,False,0,2.4175222450376452,11.2934787484316,曇り・雨,2.73,0.0,5.54
2021-03-03,52048.0,9.7,0,2,False,False,0,2.4202600958247777,11.327997319478118,快晴,4.3999999999999995,9.1,20.29
2021-03-04,21438.0,1.9,0,3,False,False,0,2.42299794661191,11.362643081704407,曇り・雨,4.33,0.0,9.45
2021-03-05,25814.0,2.6,0,4,False,False,0,2.425735797399042,11.397408573810802,薄曇り〜曇り,5.34,5.7,6.59
2021-03-06,23242.0,3.9,0,5,True,False,1,2.428473648186174,11.432286454147071,薄曇り〜曇り,6.640000000000001,5.7,11.59
2021-03-07,12145.0,1.3,0,6,True,False,1,2.431211498973306,11.467269495405722,曇り・雨,3.7300000000000004,0.0,7.76
2021-03-08,41944.0,9.2,0,0,False,False,0,2.433949349760438,11.50235057907555,晴れ,8.229999999999999,9.1,19.28
2021-03-09,28598.0,3.9,0,1,False,False,0,2.43668720054757,11.537522689672278,薄曇り〜曇り,6.640000000000001,5.7,13.43
2021-03-10,50291.0,9.9,1,2,False,False,0,2.439425051334702,11.572778908762738,快晴,4.6000000000000005,9.1,19.76
2021-03-11,46196.0,5.8,0,3,False,False,0,2.4421629021218343,11.608112408798625,晴れ,4.83,9.1,15.33
2021-03-12,8475.0,0.1,0,4,False,False,0,2.4449007529089664,11.64351644677538,曇り・雨,2.5300000000000002,0.0,3.69
2021-03-13,40900.0,6.4,0,5,True,False,1,2.4476386036960984,11.678984357731407,晴れ,5.430000000000001,9.1,16.64
2021-03-14,41078.0,6.6,1,6,True,False,1,2.4503764544832305,11.714509548102436,晴れ,5.63,9.1,13.73
2021-03-15,48454.0,9.1,1,0,False,False,0,2.4531143052703626,11.75008548894542,晴れ,8.129999999999999,9.1,18.01
2021-03-16,17713.0,1.5,0,1,False,False,0,2.455852156057495,11.785705709046084,曇り・雨,3.93,0.0,3.97
2021-03-17,47062.0,9.0,1,2,False,False,0,2.458590006844627,11.821363787923891,晴れ,8.03,9.1,20.64
2021-03-18,49715.0,10.8,0,3,False,False,0,2.461327857631759,11.85705334874787,快晴,5.500000000000001,9.1,21.33
2021-03-19,31925.0,8.3,0,4,False,False,0,2.4640657084188913,11.892768051176587,晴れ,7.330000000000001,9.1,19.31
2021-03-20,9110.0,0.2,0,5,True,True,1,2.4668035592060233,11.928501584135189,曇り・雨,2.6300000000000003,0.0,4.23
2021-03-21,12439.0,0.2,0,6,True,False,1,2.4695414099931554,11.964247658542385,曇り・雨,2.6300000000000003,0.0,3.53
2021-03-22,46614.0,6.5,1,0,False,False,0,2.4722792607802875,12.0,晴れ,5.53,9.1,17.8
2021-03-23,53921.0,10.9,1,1,False,False,0,2.4750171115674195,12.035752341457613,快晴,5.6000000000000005,9.1,22.47
2021-03-24,48757.0,7.5,1,2,False,False,0,2.4777549623545516,12.07149841586481,晴れ,6.53,9.1,19.44
2021-03-25,47124.0,9.8,1,3,False,False,0,2.4804928131416837,12.107231948823411,快晴,4.500000000000001,9.1,22.62
2021-03-26,46296.0,11.1,1,4,False,False,0,2.4832306639288158,12.142946651252128,快晴,5.8,9.1,23.18
2021-03-27,40177.0,8.9,1,5,True,False,1,2.485968514715948,12.178636212076109,晴れ,7.930000000000001,9.1,20.32
2021-03-28,10790.0,3.3,0,6,True,False,1,2.48870636550308,12.214294290953914,薄曇り〜曇り,6.04,5.7,6.87
2021-03-29,39639.0,6.6,1,0,False,False,0,2.4914442162902124,12.24991451105458,晴れ,5.63,9.1,16.58
2021-03-30,33644.0,8.0,0,1,False,False,0,2.4941820670773445,12.285490451897562,晴れ,7.03,9.1,18.84
2021-03-31,36396.0,7.2,1,2,False,False,0,2.4969199178644765,12.321015642268591,晴れ,6.23,9.1,18.52
2021-04-01,36941.0,8.1,1,3,False,False,0,2.4996577686516086,12.35648355322462,晴れ,7.13,9.1,20.17
2021-04-02,30825.0,4.0,0,4,False,False,0,2.5023956194387407,12.391887591201373,薄曇り〜曇り,6.74,5.7,16.04
2021-04-03,31486.0,4.5,0,5,True,False,1,2.5051334702258727,12.42722109123726,薄曇り〜曇り,7.24,5.7,15.93
2021-04-04,11038.0,0.0,0,6,True,False,1,2.507871321013005,12.462477310327722,曇り・雨,2.43,0.0,2.98
2021-04-05,41324.0,7.5,1,0,False,False,0,2.510609171800137,12.497649420924448,晴れ,6.53,9.1,20.03
2021-04-06,46129.0,11.0,1,1,False,False,0,2.513347022587269,12.532730504594277,快晴,5.7,9.1,25.79
2021-04-07,48803.0,11.9,1,2,False,False,0,2.516084873374401,12.567713545852929,快晴,6.6000000000000005,9.1,24.85
2021-04-08,39182.0,9.2,0,3,False,False,0,2.518822724161533,12.602591426189196,晴れ,8.229999999999999,9.1,21.31
2021-04-09,48007.0,11.6,1,4,False,False,0,2.521560574948665,12.637356918295591,快晴,6.3,9.1,24.59
2021-04-10,48981.0,11.4,1,5,True,False,1,2.524298425735797,12.672002680521882,快晴,6.1000000000000005,9.1,25.29
2021-04-11,43462.0,12.1,1,6,True,False,1,2.5270362765229293,12.706521251568399,快晴,6.8,9.1,25.92
2021-04-12,19468.0,0.4,0,0,False,False,0,2.529774127310062,12.740905045436424,曇り・雨,2.83,0.0,7.15
2021-04-13,25307.0,4.8,0,1,False,False,0,2.532511978097194,12.775146346653381,薄曇り〜曇り,7.54,5.7,14.64
2021-04-14,38311.0,4.1,1,2,False,False,0,2.535249828884326,12.809237305791015,薄曇り〜曇り,6.84,5.7,14.02
2021-04-15,48547.0,11.3,1,3,False,False,0,2.537987679671458,12.843169935295075,快晴,6.000000000000001,9.1,24.41
2021-04-16,16799.0,0.9,0,4,False,False,0,2.54072553045859,12.87693610564548,曇り・雨,3.33,0.0,8.56
2021-04-17,29249.0,5.5,1,5,True,False,1,2.543463381245722,12.910527541866232,晴れ,4.53,9.1,16.26
2021-04-18,39623.0,9.5,1,6,True,False,1,2.546201232032854,12.94393582040467,晴れ,8.53,9.1,23.1
2021-04-19,52697.0,12.3,1,0,False,False,0,2.5489390828199863,12.977152366399984,快晴,7.000000000000001,9.1,27.21
2021-04-20,51350.0,12.4,1,1,False,False,0,2.5516769336071183,13.010168451361027,快晴,7.1000000000000005,9.1,27.23
2021-04-21,55297.0,9.9,1,2,False,False,0,2.5544147843942504,13.042975191273719,晴れ,8.93,9.1,24.85
2021-04-22,53287.0,7.4,1,3,False,False,0,2.5571526351813825,13.075563545158403,晴れ,6.430000000000001,9.1,22.19
2021-04-23,38932.0,1.2,1,4,False,False,0,2.5598904859685145,13.107924314097488,曇り・雨,3.63,0.0,13.16
2021-04-24,39024.0,5.8,1,5,True,False,1,2.5626283367556466,13.14004814075375,晴れ,4.83,9.1,19.62
2021-04-25,41565.0,8.9,1,6,True,False,1,2.565366187542779,13.171925509399422,晴れ,7.930000000000001,9.1,24.7
2021-04-26,55939.0,12.5,1,0,False,False,0,2.568104038329911,13.203546746475972,快晴,7.2,9.1,28.05
2021-04-27,38794.0,2.3,1,1,False,False,0,2.5708418891170433,13.234902021704162,曇り・雨,4.73,0.0,10.89
2021-04-28,21431.0,0.0,0,2,False,False,0,2.5735797399041753,13.265981349763429,曇り・雨,2.43,0.0,5.17
2021-04-29,18875.0,4.7,0,3,False,True,1,2.5763175906913074,13.296774592559082,薄曇り〜曇り,7.44,5.7,11.63
2021-04-30,51769.0,9.3,1,4,False,False,0,2.5790554414784395,13.327271462095041,晴れ,8.33,9.1,23.25
2021-05-01,39305.0,7.4,1,5,True,False,1,2.5817932922655715,13.357461523968977,晴れ,6.430000000000001,9.1,18.89
2021-05-02,36232.0,5.4,1,6,True,False,1,2.5845311430527036,13.38733420150574,晴れ,4.430000000000001,9.1,13.53
2021-05-03,43411.0,12.2,1,0,False,True,1,2.5872689938398357,13.416878780543664,快晴,6.8999999999999995,9.1,27.74
2021-05-04,31431.0,4.8,1,1,False,True,1,2.5900068446269677,13.446084414887167,薄曇り〜曇り,7.54,5.7,12.84
2021-05-05,27830.0,6.6,1,2,False,True,1,2.5927446954141,13.474940132437409,晴れ,5.63,9.1,17.96
2021-05-06,51387.0,12.5,1,3,False,False,0,2.595482546201232,13.503434842011178,快晴,7.2,9.1,28.56
2021-05-07,21598.0,4.8,0,4,False,False,0,2.598220396988364,13.531557340856347,薄曇り〜曇り,7.54,5.7,15.88
2021-05-08,22489.0,0.6,0,5,True,False,1,2.6009582477754964,13.559296322870177,曇り・雨,3.0300000000000002,0.0,11.13
2021-05-09,44284.0,11.5,1,6,True,False,1,2.6036960985626285,13.586640387524545,快晴,6.2,9.1,26.5
2021-05-10,53610.0,11.2,1,0,False,False,0,2.6064339493497606,13.613578049499889,快晴,5.8999999999999995,9.1,24.63
2021-05-11,24783.0,2.1,0,1,False,False,0,2.6091718001368926,13.64009774902699,曇り・雨,4.53,0.0,9.5
2021-05-12,9039.0,0.0,0,2,False,False,0,2.6119096509240247,13.666187862933171,曇り・雨,2.43,0.0,4.79
2021-05-13,28562.0,1.2,0,3,False,False,0,2.614647501711157,13.691836716386437,曇り・雨,3.63,0.0,13.95
2021-05-14,33058.0,6.8,0,4,False,False,0,2.617385352498289,13.71703259532821,晴れ,5.83,9.1,20.81
2021-05-15,7609.0,0.0,0,5,True,False,1,2.620123203285421,13.741763759582074,曇り・雨,2.43,0.0,4.34
2021-05-16,29673.0,2.6,0,6,True,False,1,2.622861054072553,13.766018456622673,曇り・雨,5.03,0.0,14.67
2021-05-17,11062.0,0.0,0,0,False,False,0,2.625598904859685,13.789784935985415,曇り・雨,2.43,0.0,4.76
2021-05-18,14876.0,0.0,0,1,False,False,0,2.628336755646817,13.81305146429425,曇り・雨,2.43,0.0,4.49
2021-05-19,37434.0,8.1,1,2,False,False,0,2.631074606433949,13.835806340881074,晴れ,7.13,9.1,24.77
2021-05-20,7253.0,0.0,0,3,False,False,0,2.6338124572210813,13.85803791396665,曇り・雨,2.43,0.0,2.37
2021-05-21,16755.0,2.6,0,4,False,False,0,2.6365503080082138,13.879734597369325,曇り・雨,5.03,0.0,11.55
2021-05-22,32982.0,9.7,1,5,True,False,1,2.639288158795346,13.900884887704006,晴れ,8.729999999999999,9.1,24.88
2021-05-23,44330.0,12.7,1,6,True,False,1,2.642026009582478,13.921477382030147,快晴,7.3999999999999995,9.1,28.88
2021-05-24,12225.0,2.0,0,0,False,False,0,2.64476386036961,13.941500795903929,曇り・雨,4.43,0.0,7.1
2021-05-25,42202.0,5.8,1,1,False,False,0,2.647501711156742,13.960943981786077,晴れ,4.83,9.1,20.39
2021-05-26,21534.0,0.8,0,2,False,False,0,2.650239561943874,13.979795947753377,曇り・雨,3.2300000000000004,0.0,10.2
2021-05-27,27049.0,5.2,0,3,False,False,0,2.652977412731006,13.998045876458507,薄曇り〜曇り,7.94,5.7,17.7
2021-05-28,33385.0,5.5,0,4,False,False,0,2.6557152635181382,14.015683144279617,薄曇り〜曇り,8.24,5.7,16.04
2021-05-29,47430.0,12.0,1,5,True,False,1,2.6584531143052703,14.03269734059815,快晴,6.7,9.1,28.74
2021-05-30,43046.0,13.1,1,6,True,False,1,2.6611909650924024,14.049078287140494,快晴,7.8,9.1,28.94
2021-05-31,55016.0,12.6,1,0,False,False,0,2.6639288158795345,14.064816057316735,快晴,7.3,9.1,27.59
2021-06-01,60815.0,12.1,1,1,False,False,0,2.6666666666666665,14.079900995487389,快晴,6.8,9.1,28.15
2021-06-02,29411.0,3.6,0,2,False,False,0,2.6694045174537986,14.09432373608728,薄曇り〜曇り,6.34,5.7,15.66
2021-06-03,8155.0,0.0,0,3,False,False,0,2.6721423682409307,14.108075222534115,曇り・雨,2.43,0.0,4.97
2021-06-04,14512.0,0.2,0,4,False,False,0,2.674880219028063,14.121146725848265,曇り・雨,2.6300000000000003,0.0,7.39
2021-06-05,21251.0,1.0,0,5,True,False,1,2.6776180698151952,14.133529862909443,曇り・雨,3.43,0.0,12.83
2021-06-06,34516.0,5.7,1,6,True,False,1,2.6803559206023273,14.145216614275846,晴れ,4.73,9.1,19.03
2021-06-07,55416.0,12.1,0,0,False,False,0,2.6830937713894594,14.156199341491366,快晴,6.8,9.1,26.51
2021-06-08,60318.0,12.3,0,1,False,False,0,2.6858316221765914,14.16647080380724,快晴,7.000000000000001,9.1,26.75
2021-06-09,57695.0,11.4,0,2,False,False,0,2.6885694729637235,14.176024174245576,快晴,6.1000000000000005,9.1,26.93
2021-06-10,52816.0,9.3,0,3,False,False,0,2.6913073237508556,14.184853054933804,晴れ,8.33,9.1,23.27
2021-06-11,18433.0,0.0,0,4,False,False,0,2.6940451745379876,14.19295149164129,曇り・雨,2.43,0.0,4.76
2021-06-12,16322.0,0.6,0,5,True,False,1,2.6967830253251197,14.200313987451876,曇り・雨,3.0300000000000002,0.0,10.97
2021-06-13,30251.0,1.5,0,6,True,False,1,2.6995208761122518,14.20693551550919,曇り・雨,3.93,0.0,13.28
2021-06-14,49528.0,7.4,0,0,False,False,0,2.702258726899384,14.212811530775161,晴れ,6.430000000000001,9.1,23.06
2021-06-15,21923.0,0.3,0,1,False,False,0,2.704996577686516,14.217937980746093,曇り・雨,2.73,0.0,7.17
2021-06-16,19726.0,0.0,0,2,False,False,0,2.707734428473648,14.222311315075144,曇り・雨,2.43,0.0,8.06
2021-06-17,40118.0,6.3,0,3,False,False,0,2.7104722792607805,14.225928494054779,晴れ,5.33,9.1,20.81
2021-06-18,15961.0,0.0,0,4,False,False,0,2.7132101300479126,14.228786995918016,曇り・雨,2.43,0.0,4.03
2021-06-19,47263.0,6.8,0,5,True,False,1,2.7159479808350446,14.23088482292273,晴れ,5.83,9.1,23.41
2021-06-20,52915.0,12.0,1,6,True,False,1,2.7186858316221767,14.232220506189085,快晴,6.7,9.1,28.32
2021-06-21,61565.0,11.6,0,0,False,False,0,2.7214236824093088,14.232793109266195,快晴,6.3,9.1,27.81
2021-06-22,44898.0,8.9,0,1,False,False,0,2.724161533196441,14.232602230410311,晴れ,7.930000000000001,9.1,24.26
2021-06-23,60728.0,11.0,0,2,False,False,0,2.726899383983573,14.23164800356321,晴れ,10.03,9.1,25.4
2021-06-24,56832.0,11.4,0,3,False,False,0,2.729637234770705,14.22993109802594,快晴,6.1000000000000005,9.1,26.96
2021-06-25,56850.0,8.9,0,4,False,False,0,2.732375085557837,14.227452716829506,晴れ,7.930000000000001,9.1,23.85
2021-06-26,28172.0,3.8,0,5,True,False,1,2.735112936344969,14.224214593810629,薄曇り〜曇り,6.54,5.7,16.48
2021-06-27,32923.0,5.1,0,6,True,False,1,2.737850787132101,14.220218989407106,薄曇り〜曇り,7.84,5.7,17.78
2021-06-28,29025.0,5.5,0,0,False,False,0,2.7405886379192332,14.215468685193562,薄曇り〜曇り,8.24,5.7,19.88
2021-06-29,58688.0,11.9,0,1,False,False,0,2.7433264887063653,14.209966977184571,快晴,6.6000000000000005,9.1,27.85
2021-06-30,48960.0,6.6,0,2,False,False,0,2.746064339493498,14.203717667937985,晴れ,5.63,9.1,20.48
2021-07-01,37226.0,11.0,0,3,False,False,0,2.74880219028063,14.196725057497,晴れ,10.03,9.1,26.51
2021-07-02,34020.0,0.2,0,4,False,False,0,2.751540041067762,14.188993933214745,曇り・雨,2.6300000000000003,0.0,9.79
2021-07-03,15379.0,0.0,0,5,True,False,1,2.754277891854894,14.180529558510328,曇り・雨,2.43,0.0,5.57
2021-07-04,38134.0,3.5,0,6,True,False,1,2.757015742642026,14.171337660609705,薄曇り〜曇り,6.24,5.7,17.01
2021-07-05,47376.0,3.3,0,0,False,False,0,2.759753593429158,14.161424417329062,薄曇り〜曇り,6.04,5.7,14.05
2021-07-06,38223.0,1.5,0,1,False,False,0,2.7624914442162902,14.15079644296216,曇り・雨,3.93,0.0,12.93
2021-07-07,29915.0,0.5,0,2,False,False,0,2.7652292950034223,14.139460773336346,曇り・雨,2.93,0.0,12.1
2021-07-08,20659.0,0.3,0,3,False,False,0,2.7679671457905544,14.127424850104802,曇り・雨,2.73,0.0,7.13
2021-07-09,20767.0,0.2,0,4,False,False,0,2.7707049965776864,14.114696504345009,曇り・雨,2.6300000000000003,0.0,6.02
2021-07-10,19771.0,2.8,0,5,True,False,1,2.7734428473648185,14.101283939535145,曇り・雨,5.23,0.0,13.2
2021-07-11,42735.0,5.6,1,6,True,False,1,2.7761806981519506,14.08719571398165,薄曇り〜曇り,8.34,5.7,16.07
2021-07-12,39956.0,3.5,0,0,False,False,0,2.7789185489390826,14.072440722772015,薄曇り〜曇り,6.24,5.7,15.86
2021-07-13,48125.0,8.9,0,1,False,False,0,2.7816563997262147,14.05702817932723,晴れ,7.930000000000001,9.1,21.65
2021-07-14,55848.0,13.2,0,2,False,False,0,2.784394250513347,14.040967596628356,快晴,7.8999999999999995,9.1,28.84
2021-07-15,47548.0,8.1,0,3,False,False,0,2.7871321013004793,14.024268768191197,晴れ,7.13,9.1,20.23
2021-07-16,34214.0,7.4,0,4,False,False,0,2.7898699520876113,14.006941748861998,晴れ,6.430000000000001,9.1,20.17
2021-07-17,17294.0,2.7,0,5,True,False,1,2.7926078028747434,13.98899683550596,曇り・雨,5.130000000000001,0.0,10.18
2021-07-18,37284.0,6.2,0,6,True,False,1,2.7953456536618755,13.970444547658545,晴れ,5.23,9.1,21.94
2021-07-19,39533.0,5.5,0,0,False,False,0,2.7980835044490076,13.951295608207523,薄曇り〜曇り,8.24,5.7,21.04
2021-07-20,58944.0,12.4,0,1,False,False,0,2.8008213552361396,13.931560924171414,快晴,7.1000000000000005,9.1,27.2
2021-07-21,47944.0,8.0,0,2,False,False,0,2.8035592060232717,13.911251567637255,晴れ,7.03,9.1,21.47
2021-07-22,39130.0,6.3,0,3,False,True,1,2.8062970568104038,13.89037875691781,晴れ,5.33,9.1,19.11
2021-07-23,38282.0,7.0,0,4,False,True,1,2.809034907597536,13.868953837985188,晴れ,6.03,9.1,20.34
2021-07-24,50782.0,12.1,0,5,True,False,1,2.811772758384668,13.846988266234568,快晴,6.8,9.1,24.96
2021-07-25,43961.0,6.9,0,6,True,False,1,2.8145106091718,13.824493588628266,晴れ,5.930000000000001,9.1,20.31
2021-07-26,53718.0,11.4,0,0,False,False,0,2.817248459958932,13.801481426266877,快晴,6.1000000000000005,9.1,26.07
2021-07-27,62177.0,13.4,0,1,False,False,0,2.8199863107460645,13.777963457430513,快晴,8.100000000000001,9.1,28.05
2021-07-28,60958.0,13.1,0,2,False,False,0,2.8227241615331966,13.75395140112952,快晴,7.8,9.1,27.62
2021-07-29,61066.0,12.7,0,3,False,False,0,2.8254620123203287,13.729457001200323,快晴,7.3999999999999995,9.1,27.53
2021-07-30,59220.0,10.1,0,4,False,False,0,2.8281998631074607,13.704492010978322,晴れ,9.129999999999999,9.1,24.8
2021-07-31,49631.0,3.0,0,5,True,False,1,2.830937713894593,13.67906817857606,薄曇り〜曇り,5.74,5.7,13.29
2021-08-01,34133.0,5.0,0,6,True,False,1,2.833675564681725,13.653197232791292,薄曇り〜曇り,7.74,5.7,17.81
2021-08-02,45818.0,6.8,0,0,False,False,0,2.836413415468857,13.626890869665981,晴れ,5.83,9.1,19.79
2021-08-03,51419.0,6.4,0,1,False,False,0,2.839151266255989,13.600160739713779,晴れ,5.430000000000001,9.1,19.72
2021-08-04,53630.0,11.9,0,2,False,False,0,2.841889117043121,13.573018435830209,快晴,6.6000000000000005,9.1,26.47
2021-08-05,61123.0,13.0,0,3,False,False,0,2.844626967830253,13.54547548189653,快晴,7.7,9.1,27.29
2021-08-06,50009.0,11.4,0,4,False,False,0,2.847364818617385,13.517543322085114,快晴,6.1000000000000005,9.1,25.68
2021-08-07,43816.0,6.0,0,5,True,False,1,2.8501026694045173,13.48923331087133,晴れ,5.03,9.1,19.2
2021-08-08,17784.0,2.3,0,6,True,True,1,2.8528405201916494,13.46055670375401,曇り・雨,4.73,0.0,10.89
2021-08-09,37647.0,3.5,0,0,False,True,1,2.855578370978782,13.431524648684064,薄曇り〜曇り,6.24,5.7,14.86
2021-08-10,41732.0,4.8,0,1,False,False,0,2.858316221765914,13.40214817819824,薄曇り〜曇り,7.54,5.7,15.58
2021-08-11,4570.0,0.0,0,2,False,False,0,2.861054072553046,13.372438202252882,曇り・雨,2.43,0.0,1.7
2021-08-12,7358.0,0.0,0,3,False,False,0,2.863791923340178,13.342405501750308,曇り・雨,2.43,0.0,2.72
2021-08-13,6613.0,0.0,0,4,False,False,0,2.86652977412731,13.312060722748557,曇り・雨,2.43,0.0,3.19
2021-08-14,7159.0,0.0,0,5,True,False,1,2.869267624914442,13.281414371343528,曇り・雨,2.43,0.0,1.56
2021-08-15,22754.0,3.7,0,6,True,False,1,2.8720054757015743,13.25047680921085,薄曇り〜曇り,6.44,5.7,15.83
2021-08-16,8614.0,0.0,0,0,False,False,0,2.8747433264887063,13.219258249793521,曇り・雨,2.43,0.0,5.25
2021-08-17,7063.0,0.0,0,1,False,False,0,2.8774811772758384,13.187768755120002,曇り・雨,2.43,0.0,2.84
2021-08-18,10973.0,0.0,0,2,False,False,0,2.8802190280629705,13.156018233236434,曇り・雨,2.43,0.0,7.17
2021-08-19,42824.0,5.9,0,3,False,False,0,2.8829568788501025,13.1240164362356,晴れ,4.930000000000001,9.1,17.67
2021-08-20,22706.0,3.1,0,4,False,False,0,2.8856947296372346,13.09177295886456,薄曇り〜曇り,5.84,5.7,12.98
2021-08-21,32450.0,1.2,0,5,True,False,1,2.8884325804243667,13.059297237692153,曇り・雨,3.63,0.0,9.51
2021-08-22,27602.0,0.0,0,6,True,False,1,2.891170431211499,13.026598550817024,曇り・雨,2.43,0.0,4.38
2021-08-23,37520.0,3.0,0,0,False,False,0,2.8939082819986313,12.993686018096447,薄曇り〜曇り,5.74,5.7,13.78
2021-08-24,32171.0,1.7,0,1,False,False,0,2.8966461327857633,12.960568601875877,曇り・雨,4.13,0.0,11.26
2021-08-25,42630.0,6.6,0,2,False,False,0,2.8993839835728954,12.927255108198995,晴れ,5.63,9.1,19.5
2021-08-26,31443.0,1.1,0,3,False,False,0,2.9021218343600275,12.89375418847788,曇り・雨,3.5300000000000002,0.0,9.34
2021-08-27,51260.0,8.1,0,4,False,False,0,2.9048596851471595,12.860074341602939,晴れ,7.13,9.1,17.45
2021-08-28,55018.0,9.0,0,5,True,False,1,2.9075975359342916,12.82622391647227,晴れ,8.03,9.1,18.71
2021-08-29,54123.0,11.4,0,6,True,False,1,2.9103353867214237,12.792211114920267,快晴,6.1000000000000005,9.1,24.0
2021-08-30,51402.0,8.7,0,0,False,False,0,2.9130732375085557,12.75804399502553,晴れ,7.7299999999999995,9.1,20.81
2021-08-31,51142.0,10.3,0,1,False,False,0,2.915811088295688,12.72373047477822,快晴,5.000000000000001,9.1,22.95
2021-09-01,47667.0,4.8,0,2,False,False,0,2.91854893908282,12.689278336087558,薄曇り〜曇り,7.54,5.7,17.74
2021-09-02,29384.0,4.2,0,3,False,False,0,2.921286789869952,12.654695229110223,薄曇り〜曇り,6.94,5.7,16.45
2021-09-03,22507.0,0.8,0,4,False,False,0,2.924024640657084,12.619988676880961,曇り・雨,3.2300000000000004,0.0,7.99
2021-09-04,45684.0,7.0,0,5,True,False,1,2.926762491444216,12.58516608022704,晴れ,6.03,9.1,19.78
2021-09-05,31093.0,2.5,0,6,True,False,1,2.9295003422313486,12.550234722948602,曇り・雨,4.93,0.0,12.58
2021-09-06,40331.0,6.1,0,0,False,False,0,2.9322381930184807,12.515201777247361,晴れ,5.13,9.1,19.24
2021-09-07,38178.0,3.7,0,1,False,False,0,2.9349760438056127,12.48007430938661,薄曇り〜曇り,6.44,5.7,13.07
2021-09-08,34524.0,5.9,0,2,False,False,0,2.937713894592745,12.44485928556582,晴れ,4.930000000000001,9.1,15.43
2021-09-09,54895.0,9.7,0,3,False,False,0,2.940451745379877,12.409563577993655,晴れ,8.729999999999999,9.1,21.17
2021-09-10,38493.0,4.3,0,4,False,False,0,2.943189596167009,12.374193971143582,薄曇り〜曇り,7.04,5.7,12.56
2021-09-11,21450.0,1.1,0,5,True,False,1,2.945927446954141,12.33875716817668,曇り・雨,3.5300000000000002,0.0,9.68
2021-09-12,17951.0,1.3,0,6,True,False,1,2.948665297741273,12.30325979751669,曇り・雨,3.7300000000000004,0.0,10.54
2021-09-13,12030.0,0.0,0,0,False,False,0,2.951403148528405,12.267708419562661,曇り・雨,2.43,0.0,3.34
2021-09-14,5628.0,0.0,0,1,False,False,0,2.954140999315537,12.232109533524966,曇り・雨,2.43,0.0,2.13
2021-09-15,33458.0,1.6,0,2,False,False,0,2.9568788501026693,12.19646958437075,曇り・雨,4.03,0.0,12.29
2021-09-16,37681.0,6.7,0,3,False,False,0,2.9596167008898013,12.160794969865195,晴れ,5.73,9.1,17.75
2021-09-17,15429.0,0.0,0,4,False,False,0,2.9623545516769334,12.125092047695267,曇り・雨,2.43,0.0,2.92
2021-09-18,44338.0,5.6,0,5,True,False,1,2.965092402464066,12.08936714266281,晴れ,4.63,9.1,16.26
2021-09-19,41120.0,6.1,1,6,True,False,1,2.967830253251198,12.053626553934135,晴れ,5.13,9.1,15.76
2021-09-20,47037.0,8.6,1,0,False,True,1,2.97056810403833,12.01787656233332,晴れ,7.63,9.1,18.41
2021-09-21,42034.0,7.4,0,1,False,False,0,2.973305954825462,11.98212343766668,晴れ,6.430000000000001,9.1,17.18
2021-09-22,46947.0,10.4,0,2,False,False,0,2.976043805612594,11.946373446065865,快晴,5.1000000000000005,9.1,21.49
2021-09-23,47289.0,8.7,0,3,False,True,1,2.9787816563997263,11.91063285733719,晴れ,7.7299999999999995,9.1,18.31
2021-09-24,45210.0,7.6,0,4,False,False,0,2.9815195071868583,11.874907952304735,晴れ,6.63,9.1,15.34
2021-09-25,42775.0,8.9,1,5,True,False,1,2.9842573579739904,11.839205030134805,晴れ,7.930000000000001,9.1,16.18
2021-09-26,40592.0,5.7,1,6,True,False,1,2.9869952087611225,11.803530415629252,晴れ,4.73,9.1,15.72
2021-09-27,36987.0,7.9,0,0,False,False,0,2.9897330595482545,11.767890466475032,晴れ,6.930000000000001,9.1,18.62
2021-09-28,28171.0,2.5,0,1,False,False,0,2.9924709103353866,11.732291580437339,薄曇り〜曇り,5.24,5.7,11.02
2021-09-29,42505.0,8.2,0,2,False,False,0,2.9952087611225187,11.696740202483312,晴れ,7.2299999999999995,9.1,18.9
2021-09-30,40134.0,3.0,0,3,False,False,0,2.9979466119096507,11.661242831823321,薄曇り〜曇り,5.74,5.7,11.04
2021-10-01,47245.0,7.0,0,4,False,False,0,3.0006844626967832,11.62580602885642,晴れ,6.03,9.1,17.92
2021-10-02,45026.0,10.7,1,5,True,False,1,3.0034223134839153,11.590436422006345,快晴,5.3999999999999995,9.1,20.39
2021-10-03,43366.0,10.7,1,6,True,False,1,3.0061601642710474,11.555140714434181,快晴,5.3999999999999995,9.1,20.61
2021-10-04,52809.0,10.8,0,0,False,False,0,3.0088980150581794,11.519925690613391,快晴,5.500000000000001,9.1,20.16
2021-10-05,51960.0,10.8,0,1,False,False,0,3.0116358658453115,11.48479822275264,快晴,5.500000000000001,9.1,20.46
2021-10-06,53348.0,10.7,0,2,False,False,0,3.0143737166324436,11.4497652770514,快晴,5.3999999999999995,9.1,20.11
2021-10-07,49833.0,9.8,0,3,False,False,0,3.0171115674195756,11.41483391977296,快晴,4.500000000000001,9.1,18.56
2021-10-08,38681.0,7.3,0,4,False,False,0,3.0198494182067077,11.38001132311904,晴れ,6.33,9.1,15.75
2021-10-09,44557.0,9.1,0,5,True,False,1,3.02258726899384,11.345304770889777,快晴,3.8,9.1,17.72
2021-10-10,40562.0,8.0,1,6,True,False,1,3.025325119780972,11.310721663912442,晴れ,7.03,9.1,16.4
2021-10-11,33029.0,5.9,0,0,False,False,0,3.028062970568104,11.276269525221782,晴れ,4.930000000000001,9.1,13.91
2021-10-12,30273.0,1.9,0,1,False,False,0,3.030800821355236,11.241956004974472,曇り・雨,4.33,0.0,10.37
2021-10-13,26500.0,0.1,0,2,False,False,0,3.033538672142368,11.207788885079731,曇り・雨,2.5300000000000002,0.0,6.36
2021-10-14,45096.0,10.3,0,3,False,False,0,3.0362765229295,11.173776083527732,快晴,5.000000000000001,9.1,18.88
2021-10-15,47664.0,10.5,0,4,False,False,0,3.0390143737166326,11.13992565839706,快晴,5.2,9.1,18.34
2021-10-16,32320.0,0.3,0,5,True,False,1,3.0417522245037647,11.106245811522118,曇り・雨,2.73,0.0,3.02
2021-10-17,37248.0,4.8,1,6,True,False,1,3.0444900752908968,11.072744891801005,晴れ,3.83,9.1,12.75
2021-10-18,40090.0,7.3,0,0,False,False,0,3.047227926078029,11.039431398124123,晴れ,6.33,9.1,15.11
2021-10-19,30676.0,7.7,0,1,False,False,0,3.049965776865161,11.006313981903551,晴れ,6.73,9.1,14.19
2021-10-20,27410.0,0.7,0,2,False,False,0,3.052703627652293,10.973401449182974,曇り・雨,3.13,0.0,7.46
2021-10-21,12519.0,0.1,0,3,False,False,0,3.055441478439425,10.940702762307847,曇り・雨,2.5300000000000002,0.0,6.57
2021-10-22,33531.0,5.1,0,4,False,False,0,3.058179329226557,10.90822704113544,晴れ,4.13,9.1,11.97
2021-10-23,34018.0,8.6,1,5,True,False,1,3.060917180013689,10.8759835637644,晴れ,7.63,9.1,14.78
2021-10-24,27297.0,7.2,1,6,True,False,1,3.0636550308008212,10.843981766763564,晴れ,6.23,9.1,13.64
2021-10-25,22283.0,4.9,0,0,False,False,0,3.0663928815879533,10.812231244879996,晴れ,3.9300000000000006,9.1,11.48
2021-10-26,40830.0,10.2,1,1,False,False,0,3.0691307323750854,10.78074175020648,快晴,4.8999999999999995,9.1,17.22
2021-10-27,43103.0,8.8,1,2,False,False,0,3.0718685831622174,10.74952319078915,快晴,3.500000000000001,9.1,16.22
2021-10-28,42187.0,9.1,1,3,False,False,0,3.07460643394935,10.718585628656472,快晴,3.8,9.1,15.69
2021-10-29,41462.0,9.6,1,4,False,False,0,3.077344284736482,10.687939277251441,快晴,4.3,9.1,16.25
2021-10-30,25228.0,2.8,0,5,True,False,1,3.080082135523614,10.657594498249694,薄曇り〜曇り,5.54,5.7,8.45
2021-10-31,34163.0,8.9,1,6,True,False,1,3.082819986310746,10.627561797747116,快晴,3.6000000000000005,9.1,14.76
2021-11-01,35488.0,8.0,0,0,False,False,0,3.0855578370978782,10.597851821801761,晴れ,7.03,9.1,12.49
2021-11-02,36019.0,3.2,0,1,False,False,0,3.0882956878850103,10.568475351315936,薄曇り〜曇り,5.94,5.7,7.88
2021-11-03,36333.0,5.0,0,2,False,True,1,3.0910335386721424,10.53944329624599,晴れ,4.03,9.1,9.6
2021-11-04,40014.0,8.6,1,3,False,False,0,3.0937713894592744,10.510766689128673,快晴,3.3,9.1,14.39
2021-11-05,36648.0,6.7,1,4,False,False,0,3.0965092402464065,10.482456677914888,晴れ,5.73,9.1,12.12
2021-11-06,7182.0,0.0,0,5,True,False,1,3.0992470910335386,10.45452451810347,曇り・雨,2.43,0.0,4.68
2021-11-07,34176.0,9.7,1,6,True,False,1,3.1019849418206706,10.42698156416979,快晴,4.3999999999999995,9.1,15.74
2021-11-08,11324.0,0.0,0,0,False,False,0,3.1047227926078027,10.399839260286221,曇り・雨,2.43,0.0,3.0
2021-11-09,17510.0,0.5,0,1,False,False,0,3.1074606433949348,10.373109130334019,曇り・雨,2.93,0.0,3.58
2021-11-10,17879.0,1.7,0,2,False,False,0,3.1101984941820673,10.346802767208708,曇り・雨,4.13,0.0,5.49
2021-11-11,18396.0,0.8,0,3,False,False,0,3.1129363449691994,10.320931821423939,曇り・雨,3.2300000000000004,0.0,4.55
2021-11-12,24572.0,3.3,0,4,False,False,0,3.1156741957563314,10.295507989021678,薄曇り〜曇り,6.04,5.7,8.58
2021-11-13,28766.0,1.3,0,5,True,False,1,3.1184120465434635,10.270542998799677,曇り・雨,3.7300000000000004,0.0,6.62
2021-11-14,29341.0,5.3,0,6,True,False,1,3.1211498973305956,10.24604859887048,晴れ,4.33,9.1,9.9
2021-11-15,36690.0,8.6,0,0,False,False,0,3.1238877481177276,10.222036542569487,快晴,3.3,9.1,12.53
2021-11-16,29386.0,5.4,0,1,False,False,0,3.1266255989048597,10.198518573733121,晴れ,4.430000000000001,9.1,9.5
2021-11-17,37221.0,9.0,1,2,False,False,0,3.1293634496919918,10.175506411371734,快晴,3.7,9.1,13.83
2021-11-18,25092.0,7.7,0,3,False,False,0,3.132101300479124,10.153011733765432,晴れ,6.73,9.1,12.47
2021-11-19,36439.0,9.3,1,4,False,False,0,3.134839151266256,10.13104616201481,快晴,4.000000000000001,9.1,14.04
2021-11-20,36127.0,9.2,1,5,True,False,1,3.137577002053388,10.109621243082191,快晴,3.8999999999999995,9.1,13.52
2021-11-21,20474.0,1.9,0,6,True,False,1,3.14031485284052,10.088748432362745,曇り・雨,4.33,0.0,5.6
2021-11-22,6445.0,0.0,0,0,False,False,0,3.143052703627652,10.068439075828586,曇り・雨,2.43,0.0,2.36
2021-11-23,22601.0,1.9,0,1,False,True,1,3.1457905544147846,10.048704391792477,曇り・雨,4.33,0.0,6.3
2021-11-24,22917.0,1.9,0,2,False,False,0,3.1485284052019167,10.029555452341455,曇り・雨,4.33,0.0,6.25
2021-11-25,25992.0,4.4,0,3,False,False,0,3.1512662559890487,10.01100316449404,晴れ,3.4300000000000006,9.1,8.44
2021-11-26,36696.0,9.2,0,4,False,False,0,3.154004106776181,9.993058251138,快晴,3.8999999999999995,9.1,13.36
2021-11-27,35878.0,7.1,0,5,True,False,1,3.156741957563313,9.975731231808803,晴れ,6.13,9.1,11.62
2021-11-28,35011.0,9.2,1,6,True,False,1,3.159479808350445,9.959032403371644,快晴,3.8999999999999995,9.1,13.59
2021-11-29,36396.0,9.2,0,0,False,False,0,3.162217659137577,9.942971820672772,快晴,3.8999999999999995,9.1,13.37
2021-11-30,12501.0,0.0,0,1,False,False,0,3.164955509924709,9.927559277227983,曇り・雨,2.43,0.0,1.54
2021-12-01,20829.0,2.5,0,2,False,False,0,3.167693360711841,9.912804286018348,薄曇り〜曇り,5.24,5.7,7.26
2021-12-02,30102.0,1.9,0,3,False,False,0,3.1704312114989732,9.898716060464855,曇り・雨,4.33,0.0,6.64
2021-12-03,23420.0,1.4,0,4,False,False,0,3.1731690622861053,9.88530349565499,曇り・雨,3.83,0.0,4.5
2021-12-04,33078.0,5.4,0,5,True,False,1,3.1759069130732374,9.872575149895196,晴れ,4.430000000000001,9.1,10.29
2021-12-05,33376.0,6.2,0,6,True,False,1,3.1786447638603694,9.860539226663656,晴れ,5.23,9.1,10.52
2021-12-06,32560.0,8.8,0,0,False,False,0,3.1813826146475015,9.849203557037837,快晴,3.500000000000001,9.1,12.38
2021-12-07,27409.0,1.6,0,1,False,False,0,3.184120465434634,9.838575582670936,曇り・雨,4.03,0.0,4.49
2021-12-08,27981.0,1.0,0,2,False,False,0,3.186858316221766,9.828662339390293,曇り・雨,3.43,0.0,4.23
2021-12-09,36218.0,7.9,0,3,False,False,0,3.189596167008898,9.81947044148967,快晴,2.6000000000000005,9.1,12.4
2021-12-10,25335.0,6.3,0,4,False,False,0,3.19233401779603,9.811006066785255,晴れ,5.33,9.1,10.18
2021-12-11,29266.0,3.5,0,5,True,False,1,3.1950718685831623,9.803274942503,薄曇り〜曇り,6.24,5.7,6.8
2021-12-12,21855.0,3.0,0,6,True,False,1,3.1978097193702943,9.796282332062013,薄曇り〜曇り,5.74,5.7,6.05
2021-12-13,34144.0,4.8,0,0,False,False,0,3.2005475701574264,9.790033022815427,晴れ,3.83,9.1,8.41
2021-12-14,28264.0,1.6,0,1,False,False,0,3.2032854209445585,9.784531314806436,曇り・雨,4.03,0.0,5.14
2021-12-15,29371.0,5.7,0,2,False,False,0,3.2060232717316905,9.779781010592892,晴れ,4.73,9.1,9.28
2021-12-16,5710.0,0.0,0,3,False,False,0,3.2087611225188226,9.77578540618937,曇り・雨,2.43,0.0,1.45
2021-12-17,14365.0,3.2,0,4,False,False,0,3.2114989733059547,9.772547283170494,薄曇り〜曇り,5.94,5.7,6.63
2021-12-18,26427.0,1.9,0,5,True,False,1,3.2142368240930868,9.770068901974058,曇り・雨,4.33,0.0,6.0
2021-12-19,21210.0,1.2,0,6,True,False,1,3.216974674880219,9.768351996436788,曇り・雨,3.63,0.0,4.39
2021-12-20,29147.0,1.1,0,0,False,False,0,3.2197125256673513,9.767397769589689,曇り・雨,3.5300000000000002,0.0,5.08
2021-12-21,18910.0,3.2,0,1,False,False,0,3.2224503764544834,9.767206890733803,薄曇り〜曇り,5.94,5.7,7.42
2021-12-22,33403.0,8.0,0,2,False,False,0,3.2251882272416155,9.767779493810915,快晴,2.7,9.1,11.56
2021-12-23,34726.0,8.7,0,3,False,False,0,3.2279260780287475,9.76911517707727,快晴,3.3999999999999995,9.1,11.52
2021-12-24,13401.0,3.7,0,4,False,False,0,3.2306639288158796,9.771213004081984,薄曇り〜曇り,6.44,5.7,5.93
2021-12-25,30499.0,7.1,0,5,True,False,1,3.2334017796030117,9.77407150594522,晴れ,6.13,9.1,11.3
2021-12-26,22147.0,2.9,0,6,True,False,1,3.2361396303901437,9.777688684924854,薄曇り〜曇り,5.640000000000001,5.7,7.58
2021-12-27,26122.0,3.6,0,0,False,False,0,3.238877481177276,9.782062019253905,薄曇り〜曇り,6.34,5.7,7.78
2021-12-28,27649.0,0.1,0,1,False,False,0,3.241615331964408,9.787188469224839,曇り・雨,2.5300000000000002,0.0,4.16
2021-12-29,8418.0,0.1,0,2,False,False,0,3.24435318275154,9.79306448449081,曇り・雨,2.5300000000000002,0.0,2.67
2021-12-30,24172.0,4.1,0,3,False,False,0,3.247091033538672,9.799686012548124,晴れ,3.13,9.1,8.86
2021-12-31,31042.0,8.4,1,4,False,False,0,3.249828884325804,9.80704850835871,快晴,3.1000000000000005,9.1,12.78
2022-01-01,28410.0,8.8,1,5,True,True,1,3.252566735112936,9.815146945066195,快晴,3.500000000000001,9.1,12.49
2022-01-02,22413.0,5.4,1,6,True,False,1,3.2553045859000687,9.823975825754422,晴れ,4.430000000000001,9.1,8.69
2022-01-03,30637.0,8.6,1,0,False,False,0,3.2580424366872007,9.833529196192758,快晴,3.3,9.1,11.38
2022-01-04,32966.0,4.4,0,1,False,False,0,3.260780287474333,9.843800658508634,晴れ,3.4300000000000006,9.1,8.3
2022-01-05,14457.0,0.0,0,2,False,False,0,3.263518138261465,9.854783385724152,曇り・雨,2.43,0.0,3.08
2022-01-06,25835.0,6.3,0,3,False,False,0,3.266255989048597,9.866470137090555,晴れ,5.33,9.1,10.2
2022-01-07,34294.0,8.7,0,4,False,False,0,3.268993839835729,9.878853274151734,快晴,3.3999999999999995,9.1,12.68
2022-01-08,27773.0,8.2,0,5,True,False,1,3.271731690622861,9.891924777465883,快晴,2.8999999999999995,9.1,12.92
2022-01-09,26172.0,2.3,0,6,True,False,1,3.274469541409993,9.90567626391272,薄曇り〜曇り,5.04,5.7,7.28
2022-01-10,36186.0,8.7,1,0,False,True,1,3.277207392197125,9.92009900451261,快晴,3.3999999999999995,9.1,12.12
2022-01-11,15595.0,2.0,0,1,False,False,0,3.2799452429842573,9.935183942683263,薄曇り〜曇り,4.74,5.7,4.87
2022-01-12,33491.0,5.7,0,2,False,False,0,3.2826830937713893,9.950921712859504,晴れ,4.73,9.1,11.02
2022-01-13,16274.0,2.1,0,3,False,False,0,3.2854209445585214,9.96730265940185,薄曇り〜曇り,4.84,5.7,4.49
2022-01-14,39036.0,6.4,0,4,False,False,0,3.2881587953456535,9.984316855720381,晴れ,5.430000000000001,9.1,11.78
2022-01-15,19848.0,2.3,0,5,True,False,1,3.2908966461327855,10.001954123541493,薄曇り〜曇り,5.04,5.7,7.56
2022-01-16,15410.0,0.0,0,6,True,False,1,3.293634496919918,10.020204052246623,曇り・雨,2.43,0.0,1.8
2022-01-17,28728.0,6.4,0,0,False,False,0,3.29637234770705,10.039056018213923,晴れ,5.430000000000001,9.1,10.36
2022-01-18,36417.0,6.3,0,1,False,False,0,3.299110198494182,10.058499204096071,晴れ,5.33,9.1,11.53
2022-01-19,41389.0,7.5,0,2,False,False,0,3.3018480492813143,10.07852261796985,晴れ,6.53,9.1,11.52
2022-01-20,28700.0,1.3,0,3,False,False,0,3.3045859000684463,10.099115112295992,曇り・雨,3.7300000000000004,0.0,4.66
2022-01-21,35982.0,1.4,0,4,False,False,0,3.3073237508555784,10.120265402630674,曇り・雨,3.83,0.0,7.79
2022-01-22,21261.0,6.5,0,5,True,False,1,3.3100616016427105,10.14196208603335,晴れ,5.53,9.1,11.58
2022-01-23,4105.0,0.0,0,6,True,False,1,3.3127994524298425,10.164193659118924,曇り・雨,2.43,0.0,1.73
2022-01-24,18988.0,0.7,0,0,False,False,0,3.3155373032169746,10.186948535705747,曇り・雨,3.13,0.0,5.58
2022-01-25,31035.0,8.5,0,1,False,False,0,3.3182751540041067,10.210215064014584,快晴,3.2,9.1,13.88
2022-01-26,37567.0,5.1,0,2,False,False,0,3.3210130047912387,10.233981543377325,晴れ,4.13,9.1,10.15
2022-01-27,20440.0,4.6,0,3,False,False,0,3.323750855578371,10.258236240417924,晴れ,3.63,9.1,11.0
2022-01-28,37380.0,7.5,0,4,False,False,0,3.326488706365503,10.28296740467179,晴れ,6.53,9.1,12.73
2022-01-29,22343.0,3.2,0,5,True,False,1,3.3292265571526354,10.308163283613561,薄曇り〜曇り,5.94,5.7,7.92
2022-01-30,22210.0,4.6,0,6,True,False,1,3.3319644079397674,10.333812137066827,晴れ,3.63,9.1,10.52
2022-01-31,45177.0,8.6,0,0,False,False,0,3.3347022587268995,10.35990225097301,快晴,3.3,9.1,14.56
2022-02-01,17780.0,0.3,0,1,False,False,0,3.3374401095140316,10.386421950500111,曇り・雨,2.73,0.0,3.37
2022-02-02,19771.0,3.4,0,2,False,False,0,3.3401779603011637,10.413359612475453,薄曇り〜曇り,6.140000000000001,5.7,8.78
2022-02-03,20797.0,2.1,0,3,False,False,0,3.3429158110882957,10.440703677129822,薄曇り〜曇り,4.84,5.7,8.8
2022-02-04,42138.0,6.9,0,4,False,False,0,3.345653661875428,10.468442659143651,晴れ,5.930000000000001,9.1,13.48
2022-02-05,31996.0,5.4,0,5,True,False,1,3.34839151266256,10.496565157988822,晴れ,4.430000000000001,9.1,12.43
2022-02-06,38714.0,3.8,0,6,True,False,1,3.351129363449692,10.52505986756259,薄曇り〜曇り,6.54,5.7,10.55
2022-02-07,24422.0,2.7,0,0,False,False,0,3.353867214236824,10.553915585112831,薄曇り〜曇り,5.44,5.7,9.25
2022-02-08,15776.0,1.2,0,1,False,False,0,3.356605065023956,10.583121219456336,曇り・雨,3.63,0.0,7.74
2022-02-09,34282.0,9.3,0,2,False,False,0,3.359342915811088,10.61266579849426,快晴,4.000000000000001,9.1,15.87
2022-02-10,24234.0,0.8,0,3,False,False,0,3.36208076659822,10.64253847603102,曇り・雨,3.2300000000000004,0.0,5.75
2022-02-11,40128.0,4.4,0,4,False,True,1,3.3648186173853527,10.672728537904959,晴れ,3.4300000000000006,9.1,9.95
2022-02-12,23438.0,7.0,0,5,True,False,1,3.3675564681724848,10.703225407440916,晴れ,6.03,9.1,14.87
2022-02-13,12454.0,0.0,0,6,True,False,1,3.370294318959617,10.734018650236571,曇り・雨,2.43,0.0,4.08
2022-02-14,39012.0,7.2,0,0,False,False,0,3.373032169746749,10.765097978295838,晴れ,6.23,9.1,15.46
2022-02-15,35613.0,5.5,0,1,False,False,0,3.375770020533881,10.796453253524026,晴れ,4.53,9.1,12.81
2022-02-16,31304.0,4.1,0,2,False,False,0,3.378507871321013,10.828074490600576,薄曇り〜曇り,6.84,5.7,11.42
2022-02-17,45535.0,5.9,0,3,False,False,0,3.381245722108145,10.859951859246248,晴れ,4.930000000000001,9.1,14.56
2022-02-18,42725.0,7.3,0,4,False,False,0,3.383983572895277,10.892075685902512,晴れ,6.33,9.1,15.5
2022-02-19,10812.0,0.0,0,5,True,False,1,3.3867214236824092,10.924436454841596,曇り・雨,2.43,0.0,3.17
2022-02-20,34378.0,3.9,0,6,True,False,1,3.3894592744695413,10.95702480872628,薄曇り〜曇り,6.640000000000001,5.7,11.67
2022-02-21,47356.0,7.6,0,0,False,False,0,3.3921971252566734,10.989831548638971,晴れ,6.63,9.1,16.74
2022-02-22,49443.0,8.8,0,1,False,False,0,3.3949349760438055,11.022847633600014,晴れ,7.830000000000001,9.1,16.64
2022-02-23,21805.0,0.3,0,2,False,True,1,3.3976728268309375,11.056064179595328,曇り・雨,2.73,0.0,5.67
2022-02-24,56793.0,10.0,0,3,False,False,0,3.40041067761807,11.089472458133766,快晴,4.7,9.1,19.67
2022-02-25,56934.0,10.5,0,4,False,False,0,3.403148528405202,11.123063894354518,快晴,5.2,9.1,19.54
2022-02-26,52009.0,7.1,1,5,True,False,1,3.405886379192334,11.156830064704923,晴れ,6.13,9.1,15.76
2022-02-27,50547.0,10.4,1,6,True,False,1,3.4086242299794662,11.190762694208985,快晴,5.1000000000000005,9.1,20.02
2022-02-28,49618.0,7.0,0,0,False,False,0,3.4113620807665983,11.224853653346617,晴れ,6.03,9.1,16.0
2022-03-01,7959.0,0.1,0,1,False,False,0,3.4140999315537304,11.259094954563576,曇り・雨,2.5300000000000002,0.0,2.06
2022-03-02,47660.0,10.3,1,2,False,False,0,3.4168377823408624,11.2934787484316,快晴,5.000000000000001,9.1,19.82
2022-03-03,50168.0,10.6,1,3,False,False,0,3.4195756331279945,11.327997319478118,快晴,5.3,9.1,19.93
2022-03-04,22749.0,2.2,0,4,False,False,0,3.4223134839151266,11.362643081704407,曇り・雨,4.630000000000001,0.0,7.42
2022-03-05,42733.0,9.3,1,5,True,False,1,3.4250513347022586,11.397408573810802,快晴,4.000000000000001,9.1,18.23
2022-03-06,48373.0,10.7,1,6,True,False,1,3.4277891854893907,11.432286454147071,快晴,5.3999999999999995,9.1,21.84
2022-03-07,30830.0,5.0,0,0,False,False,0,3.430527036276523,11.467269495405722,晴れ,4.03,9.1,13.25
2022-03-08,54330.0,10.6,1,1,False,False,0,3.433264887063655,11.50235057907555,快晴,5.3,9.1,20.61
2022-03-09,52897.0,10.5,1,2,False,False,0,3.436002737850787,11.537522689672278,快晴,5.2,9.1,19.82
2022-03-10,53046.0,10.1,1,3,False,False,0,3.4387405886379194,11.572778908762738,快晴,4.8,9.1,18.98
2022-03-11,40544.0,5.7,0,4,False,False,0,3.4414784394250515,11.608112408798625,晴れ,4.73,9.1,13.68
2022-03-12,41717.0,3.8,1,5,True,False,1,3.4442162902121836,11.64351644677538,薄曇り〜曇り,6.54,5.7,12.96
2022-03-13,27679.0,0.6,0,6,True,False,1,3.4469541409993156,11.678984357731407,曇り・雨,3.0300000000000002,0.0,7.79
2022-03-14,39187.0,2.5,0,0,False,False,0,3.4496919917864477,11.714509548102436,薄曇り〜曇り,5.24,5.7,11.66
2022-03-15,52592.0,10.8,1,1,False,False,0,3.4524298425735798,11.75008548894542,快晴,5.500000000000001,9.1,22.57
2022-03-16,54777.0,10.8,1,2,False,False,0,3.455167693360712,11.785705709046084,快晴,5.500000000000001,9.1,22.06
2022-03-17,33395.0,4.4,0,3,False,False,0,3.457905544147844,11.821363787923891,薄曇り〜曇り,7.140000000000001,5.7,12.62
2022-03-18,11811.0,0.0,0,4,False,False,0,3.460643394934976,11.85705334874787,曇り・雨,2.43,0.0,3.0
2022-03-19,22373.0,1.7,0,5,True,False,1,3.463381245722108,11.892768051176587,曇り・雨,4.13,0.0,6.02
2022-03-20,43708.0,3.3,1,6,True,False,1,3.46611909650924,11.928501584135189,薄曇り〜曇り,6.04,5.7,14.18
2022-03-21,24686.0,3.3,0,0,False,True,1,3.468856947296372,11.964247658542385,薄曇り〜曇り,6.04,5.7,12.88
2022-03-22,34653.0,5.7,0,1,False,False,0,3.4715947980835042,12.0,晴れ,4.73,9.1,16.82
2022-03-23,10616.0,2.0,0,2,False,False,0,3.4743326488706368,12.035752341457613,曇り・雨,4.43,0.0,6.18
2022-03-24,60753.0,10.5,0,3,False,False,0,3.477070499657769,12.07149841586481,快晴,5.2,9.1,22.09
2022-03-25,45409.0,6.8,1,4,False,False,0,3.479808350444901,12.107231948823411,晴れ,5.83,9.1,17.43
2022-03-26,10434.0,1.2,0,5,True,False,1,3.482546201232033,12.142946651252128,曇り・雨,3.63,0.0,4.67
2022-03-27,44919.0,7.5,1,6,True,False,1,3.485284052019165,12.178636212076109,晴れ,6.53,9.1,20.94
2022-03-28,30162.0,1.0,0,0,False,False,0,3.488021902806297,12.214294290953914,曇り・雨,3.43,0.0,12.38
2022-03-29,32239.0,8.5,0,1,False,False,0,3.490759753593429,12.24991451105458,晴れ,7.53,9.1,18.87
2022-03-30,33956.0,1.5,0,2,False,False,0,3.4934976043805612,12.285490451897562,曇り・雨,3.93,0.0,10.16
2022-03-31,19693.0,0.0,0,3,False,False,0,3.4962354551676933,12.321015642268591,曇り・雨,2.43,0.0,2.63
2022-04-01,53372.0,10.0,1,4,False,False,0,3.4989733059548254,12.35648355322462,快晴,4.7,9.1,23.36
2022-04-02,48378.0,10.1,1,5,True,False,1,3.5017111567419574,12.391887591201373,快晴,4.8,9.1,21.48
2022-04-03,51889.0,12.0,1,6,True,False,1,3.5044490075290895,12.42722109123726,快晴,6.7,9.1,25.72
2022-04-04,64279.0,12.0,1,0,False,False,0,3.5071868583162216,12.462477310327722,快晴,6.7,9.1,25.83
2022-04-05,56815.0,9.1,1,1,False,False,0,3.509924709103354,12.497649420924448,晴れ,8.129999999999999,9.1,21.37
2022-04-06,54609.0,11.6,1,2,False,False,0,3.512662559890486,12.532730504594277,快晴,6.3,9.1,24.38
2022-04-07,53166.0,10.9,1,3,False,False,0,3.515400410677618,12.567713545852929,快晴,5.6000000000000005,9.1,22.55
2022-04-08,60885.0,11.7,1,4,False,False,0,3.5181382614647503,12.602591426189196,快晴,6.3999999999999995,9.1,25.57
2022-04-09,57328.0,11.9,1,5,True,False,1,3.5208761122518824,12.637356918295591,快晴,6.6000000000000005,9.1,25.79
2022-04-10,52088.0,10.2,1,6,True,False,1,3.5236139630390144,12.672002680521882,快晴,4.8999999999999995,9.1,23.01
2022-04-11,15043.0,4.4,0,0,False,False,0,3.5263518138261465,12.706521251568399,薄曇り〜曇り,7.140000000000001,5.7,9.99
2022-04-12,44990.0,8.4,0,1,False,False,0,3.5290896646132786,12.740905045436424,晴れ,7.430000000000001,9.1,20.43
2022-04-13,39803.0,2.2,0,2,False,False,0,3.5318275154004106,12.775146346653381,曇り・雨,4.630000000000001,0.0,14.08
2022-04-14,18740.0,0.0,0,3,False,False,0,3.5345653661875427,12.809237305791015,曇り・雨,2.43,0.0,2.64
2022-04-15,33536.0,0.0,0,4,False,False,0,3.5373032169746748,12.843169935295075,曇り・雨,2.43,0.0,3.11
2022-04-16,57187.0,10.7,1,5,True,False,1,3.540041067761807,12.87693610564548,快晴,5.3999999999999995,9.1,25.44
2022-04-17,56970.0,12.0,1,6,True,False,1,3.542778918548939,12.910527541866232,快晴,6.7,9.1,27.02
2022-04-18,32421.0,1.9,0,0,False,False,0,3.5455167693360714,12.94393582040467,曇り・雨,4.33,0.0,14.25
2022-04-19,51460.0,11.2,1,1,False,False,0,3.5482546201232035,12.977152366399984,快晴,5.8999999999999995,9.1,25.22
2022-04-20,63136.0,11.9,1,2,False,False,0,3.5509924709103355,13.010168451361027,快晴,6.6000000000000005,9.1,25.99
2022-04-21,9193.0,0.0,0,3,False,False,0,3.5537303216974676,13.042975191273719,曇り・雨,2.43,0.0,3.97
2022-04-22,63915.0,11.5,1,4,False,False,0,3.5564681724845997,13.075563545158403,快晴,6.2,9.1,25.56
2022-04-23,9360.0,0.0,0,5,True,False,1,3.5592060232717317,13.107924314097488,曇り・雨,2.43,0.0,4.75
2022-04-24,24690.0,5.3,0,6,True,False,1,3.561943874058864,13.14004814075375,晴れ,4.33,9.1,16.58
2022-04-25,55245.0,10.6,0,0,False,False,0,3.564681724845996,13.171925509399422,快晴,5.3,9.1,24.86
2022-04-26,14456.0,0.0,0,1,False,False,0,3.567419575633128,13.203546746475972,曇り・雨,2.43,0.0,2.16
2022-04-27,36457.0,7.3,0,2,False,False,0,3.57015742642026,13.234902021704162,晴れ,6.33,9.1,19.61
2022-04-28,57614.0,9.7,1,3,False,False,0,3.572895277207392,13.265981349763429,晴れ,8.729999999999999,9.1,25.21
2022-04-29,19270.0,0.0,0,4,False,True,1,3.575633127994524,13.296774592559082,曇り・雨,2.43,0.0,2.93
2022-04-30,58302.0,9.1,1,5,True,False,1,3.578370978781656,13.327271462095041,晴れ,8.129999999999999,9.1,26.37
2022-05-01,46168.0,7.4,0,6,True,False,1,3.5811088295687883,13.357461523968977,晴れ,6.430000000000001,9.1,20.59
2022-05-02,55970.0,11.6,0,0,False,False,0,3.583846680355921,13.38733420150574,快晴,6.3,9.1,25.28
2022-05-03,62758.0,12.9,1,1,False,True,1,3.586584531143053,13.416878780543664,快晴,7.6000000000000005,9.1,28.54
2022-05-04,59376.0,12.9,1,2,False,True,1,3.589322381930185,13.446084414887167,快晴,7.6000000000000005,9.1,28.6
2022-05-05,51833.0,9.3,0,3,False,True,1,3.592060232717317,13.474940132437409,晴れ,8.33,9.1,24.16
2022-05-06,27306.0,1.4,0,4,False,False,0,3.594798083504449,13.503434842011178,曇り・雨,3.83,0.0,12.57
2022-05-07,52657.0,9.3,0,5,True,False,1,3.597535934291581,13.531557340856347,晴れ,8.33,9.1,25.32
2022-05-08,59394.0,8.3,0,6,True,False,1,3.600273785078713,13.559296322870177,晴れ,7.330000000000001,9.1,24.14
2022-05-09,32027.0,7.3,0,0,False,False,0,3.6030116358658453,13.586640387524545,晴れ,6.33,9.1,22.18
2022-05-10,35751.0,2.5,0,1,False,False,0,3.6057494866529773,13.613578049499889,曇り・雨,4.93,0.0,15.38
2022-05-11,20639.0,0.1,0,2,False,False,0,3.6084873374401094,13.64009774902699,曇り・雨,2.5300000000000002,0.0,9.45
2022-05-12,15912.0,0.0,0,3,False,False,0,3.6112251882272415,13.666187862933171,曇り・雨,2.43,0.0,8.34
2022-05-13,7946.0,0.0,0,4,False,False,0,3.6139630390143735,13.691836716386437,曇り・雨,2.43,0.0,3.5
2022-05-14,57238.0,9.2,1,5,True,False,1,3.6167008898015056,13.71703259532821,晴れ,8.229999999999999,9.1,25.71
2022-05-15,24901.0,2.1,0,6,True,False,1,3.619438740588638,13.741763759582074,曇り・雨,4.53,0.0,13.45
2022-05-16,40462.0,6.7,1,0,False,False,0,3.62217659137577,13.766018456622673,晴れ,5.73,9.1,22.62
2022-05-17,61659.0,12.2,1,1,False,False,0,3.6249144421629023,13.789784935985415,快晴,6.8999999999999995,9.1,28.66
2022-05-18,68623.0,13.1,1,2,False,False,0,3.6276522929500343,13.81305146429425,快晴,7.8,9.1,29.23
2022-05-19,47046.0,5.7,0,3,False,False,0,3.6303901437371664,13.835806340881074,晴れ,4.73,9.1,18.89
2022-05-20,17982.0,0.0,0,4,False,False,0,3.6331279945242985,13.85803791396665,曇り・雨,2.43,0.0,8.6
2022-05-21,45919.0,12.1,0,5,True,False,1,3.6358658453114305,13.879734597369325,快晴,6.8,9.1,27.93
2022-05-22,65528.0,13.1,1,6,True,False,1,3.6386036960985626,13.900884887704006,快晴,7.8,9.1,27.9
2022-05-23,36015.0,3.3,0,0,False,False,0,3.6413415468856947,13.921477382030147,薄曇り〜曇り,6.04,5.7,16.15
2022-05-24,63467.0,12.0,0,1,False,False,0,3.6440793976728267,13.941500795903929,快晴,6.7,9.1,27.24
2022-05-25,56688.0,11.2,0,2,False,False,0,3.646817248459959,13.960943981786077,快晴,5.8999999999999995,9.1,26.04
2022-05-26,15305.0,0.2,0,3,False,False,0,3.649555099247091,13.979795947753377,曇り・雨,2.6300000000000003,0.0,7.55
2022-05-27,70850.0,13.3,0,4,False,False,0,3.652292950034223,13.998045876458507,快晴,8.0,9.1,29.07
2022-05-28,50172.0,8.6,0,5,True,False,1,3.6550308008213555,14.015683144279617,晴れ,7.63,9.1,24.04
2022-05-29,48189.0,10.2,0,6,True,False,1,3.6577686516084875,14.03269734059815,晴れ,9.229999999999999,9.1,27.23
2022-05-30,16578.0,0.7,0,0,False,False,0,3.6605065023956196,14.049078287140494,曇り・雨,3.13,0.0,8.13
2022-05-31,60109.0,8.8,0,1,False,False,0,3.6632443531827517,14.064816057316735,晴れ,7.830000000000001,9.1,25.47
2022-06-01,33317.0,7.1,0,2,False,False,0,3.6659822039698837,14.079900995487389,晴れ,6.13,9.1,21.04
2022-06-02,69314.0,12.5,0,3,False,False,0,3.668720054757016,14.09432373608728,快晴,7.2,9.1,28.3
2022-06-03,68264.0,11.8,0,4,False,False,0,3.671457905544148,14.108075222534115,快晴,6.500000000000001,9.1,27.97
2022-06-04,64970.0,10.3,0,5,True,False,1,3.67419575633128,14.121146725848265,晴れ,9.33,9.1,24.35
2022-06-05,6417.0,0.0,0,6,True,False,1,3.676933607118412,14.133529862909443,曇り・雨,2.43,0.0,2.83
2022-06-06,47496.0,2.5,0,0,False,False,0,3.679671457905544,14.145216614275846,曇り・雨,4.93,0.0,15.74
2022-06-07,60120.0,10.1,0,1,False,False,0,3.682409308692676,14.156199341491366,晴れ,9.129999999999999,9.1,26.89
2022-06-08,63576.0,12.4,0,2,False,False,0,3.685147159479808,14.16647080380724,快晴,7.1000000000000005,9.1,28.83
2022-06-09,56909.0,11.3,0,3,False,False,0,3.6878850102669403,14.176024174245576,晴れ,10.33,9.1,27.01
2022-06-10,36242.0,4.3,0,4,False,False,0,3.6906228610540723,14.184853054933804,薄曇り〜曇り,7.04,5.7,16.99
2022-06-11,17374.0,0.0,0,5,True,False,1,3.693360711841205,14.19295149164129,曇り・雨,2.43,0.0,10.19
2022-06-12,57467.0,5.8,0,6,True,False,1,3.696098562628337,14.200313987451876,晴れ,4.83,9.1,21.01
2022-06-13,12137.0,0.0,0,0,False,False,0,3.698836413415469,14.20693551550919,曇り・雨,2.43,0.0,5.73
2022-06-14,12743.0,0.0,0,1,False,False,0,3.701574264202601,14.212811530775161,曇り・雨,2.43,0.0,6.29
2022-06-15,44950.0,5.2,0,2,False,False,0,3.704312114989733,14.217937980746093,薄曇り〜曇り,7.94,5.7,17.46
2022-06-16,53809.0,8.4,0,3,False,False,0,3.707049965776865,14.222311315075144,晴れ,7.430000000000001,9.1,24.57
2022-06-17,45020.0,8.5,0,4,False,False,0,3.7097878165639973,14.225928494054779,晴れ,7.53,9.1,24.26
2022-06-18,47061.0,11.2,0,5,True,False,1,3.7125256673511293,14.228786995918016,晴れ,10.229999999999999,9.1,26.19
2022-06-19,32490.0,6.5,0,6,True,False,1,3.7152635181382614,14.23088482292273,晴れ,5.53,9.1,20.25
2022-06-20,24105.0,0.1,0,0,False,False,0,3.7180013689253935,14.232220506189085,曇り・雨,2.5300000000000002,0.0,10.14
2022-06-21,18274.0,2.1,0,1,False,False,0,3.7207392197125255,14.232793109266195,曇り・雨,4.53,0.0,13.15
2022-06-22,40766.0,3.0,0,2,False,False,0,3.7234770704996576,14.232602230410311,薄曇り〜曇り,5.74,5.7,11.99
2022-06-23,47353.0,6.1,0,3,False,False,0,3.7262149212867897,14.23164800356321,晴れ,5.13,9.1,19.58
2022-06-24,39507.0,3.5,0,4,False,False,0,3.728952772073922,14.22993109802594,薄曇り〜曇り,6.24,5.7,16.87
2022-06-25,11884.0,0.1,0,5,True,False,1,3.7316906228610542,14.227452716829506,曇り・雨,2.5300000000000002,0.0,4.09
2022-06-26,48718.0,6.5,0,6,True,False,1,3.7344284736481863,14.224214593810629,晴れ,5.53,9.1,19.5
2022-06-27,57011.0,5.4,0,0,False,False,0,3.7371663244353184,14.220218989407106,薄曇り〜曇り,8.14,5.7,16.87
2022-06-28,64800.0,9.4,0,1,False,False,0,3.7399041752224504,14.215468685193562,晴れ,8.43,9.1,24.47
2022-06-29,68407.0,10.8,0,2,False,False,0,3.7426420260095825,14.209966977184571,晴れ,9.83,9.1,24.61
2022-06-30,70100.0,13.6,0,3,False,False,0,3.7453798767967146,14.203717667937985,快晴,8.3,9.1,29.09
2022-07-01,70794.0,13.1,0,4,False,False,0,3.7481177275838466,14.196725057497,快晴,7.8,9.1,28.52
2022-07-02,58267.0,11.2,0,5,True,False,1,3.7508555783709787,14.188993933214745,晴れ,10.229999999999999,9.1,24.87
2022-07-03,24284.0,2.2,0,6,True,False,1,3.753593429158111,14.180529558510328,曇り・雨,4.630000000000001,0.0,15.03
2022-07-04,27464.0,2.8,0,0,False,False,0,3.756331279945243,14.171337660609705,曇り・雨,5.23,0.0,13.88
2022-07-05,20767.0,0.1,0,1,False,False,0,3.759069130732375,14.161424417329062,曇り・雨,2.5300000000000002,0.0,10.01
2022-07-06,35625.0,2.8,0,2,False,False,0,3.761806981519507,14.15079644296216,曇り・雨,5.23,0.0,15.42
2022-07-07,55762.0,7.6,0,3,False,False,0,3.7645448323066395,14.139460773336346,晴れ,6.63,9.1,21.93
2022-07-08,48268.0,3.0,0,4,False,False,0,3.7672826830937716,14.127424850104802,薄曇り〜曇り,5.74,5.7,13.81
2022-07-09,61572.0,9.9,0,5,True,False,1,3.7700205338809036,14.114696504345009,晴れ,8.93,9.1,26.44
2022-07-10,57424.0,9.9,0,6,True,False,1,3.7727583846680357,14.101283939535145,晴れ,8.93,9.1,25.26
2022-07-11,46246.0,3.1,0,0,False,False,0,3.7754962354551678,14.08719571398165,薄曇り〜曇り,5.84,5.7,12.51
2022-07-12,43158.0,3.3,0,1,False,False,0,3.7782340862423,14.072440722772015,薄曇り〜曇り,6.04,5.7,16.05
2022-07-13,50522.0,6.1,0,2,False,False,0,3.780971937029432,14.05702817932723,晴れ,5.13,9.1,19.13
2022-07-14,35743.0,1.7,0,3,False,False,0,3.783709787816564,14.040967596628356,曇り・雨,4.13,0.0,10.51
2022-07-15,16741.0,1.2,0,4,False,False,0,3.786447638603696,14.024268768191197,曇り・雨,3.63,0.0,9.99
2022-07-16,47379.0,7.8,0,5,True,False,1,3.789185489390828,14.006941748861998,晴れ,6.83,9.1,21.07
2022-07-17,29751.0,4.7,0,6,True,False,1,3.79192334017796,13.98899683550596,薄曇り〜曇り,7.44,5.7,16.97
2022-07-18,28239.0,0.3,0,0,False,True,1,3.7946611909650922,13.970444547658545,曇り・雨,2.73,0.0,8.24
2022-07-19,21046.0,5.2,0,1,False,False,0,3.7973990417522243,13.951295608207523,薄曇り〜曇り,7.94,5.7,13.88
2022-07-20,33087.0,7.5,0,2,False,False,0,3.800136892539357,13.931560924171414,晴れ,6.53,9.1,23.46
2022-07-21,34633.0,8.9,0,3,False,False,0,3.802874743326489,13.911251567637255,晴れ,7.930000000000001,9.1,22.73
2022-07-22,61029.0,10.2,0,4,False,False,0,3.805612594113621,13.89037875691781,晴れ,9.229999999999999,9.1,25.64
2022-07-23,59492.0,8.9,0,5,True,False,1,3.808350444900753,13.868953837985188,晴れ,7.930000000000001,9.1,24.87
2022-07-24,41461.0,3.4,0,6,True,False,1,3.811088295687885,13.846988266234568,薄曇り〜曇り,6.140000000000001,5.7,15.51
2022-07-25,49861.0,3.1,0,0,False,False,0,3.813826146475017,13.824493588628266,薄曇り〜曇り,5.84,5.7,16.14
2022-07-26,58007.0,11.7,0,1,False,False,0,3.8165639972621492,13.801481426266877,快晴,6.3999999999999995,9.1,27.34
2022-07-27,46780.0,10.0,0,2,False,False,0,3.8193018480492813,13.777963457430513,晴れ,9.03,9.1,24.62
2022-07-28,58889.0,9.3,0,3,False,False,0,3.8220396988364134,13.75395140112952,晴れ,8.33,9.1,23.19
2022-07-29,53280.0,12.3,0,4,False,False,0,3.8247775496235454,13.729457001200323,快晴,7.000000000000001,9.1,25.11
2022-07-30,42237.0,5.7,0,5,True,False,1,3.8275154004106775,13.704492010978322,晴れ,4.73,9.1,20.59
2022-07-31,34642.0,0.9,0,6,True,False,1,3.8302532511978096,13.67906817857606,曇り・雨,3.33,0.0,12.73
2022-08-01,54169.0,10.2,0,0,False,False,0,3.8329911019849416,13.653197232791292,晴れ,9.229999999999999,9.1,24.41
2022-08-02,62153.0,10.1,0,1,False,False,0,3.8357289527720737,13.626890869665981,晴れ,9.129999999999999,9.1,22.72
2022-08-03,60761.0,11.1,0,2,False,False,0,3.838466803559206,13.600160739713779,快晴,5.8,9.1,25.35
2022-08-04,54396.0,11.0,0,3,False,False,0,3.8412046543463383,13.573018435830209,快晴,5.7,9.1,24.28
2022-08-05,42445.0,8.5,0,4,False,False,0,3.8439425051334704,13.54547548189653,晴れ,7.53,9.1,21.76
2022-08-06,43872.0,4.0,0,5,True,False,1,3.8466803559206024,13.517543322085114,薄曇り〜曇り,6.74,5.7,10.49
2022-08-07,52540.0,7.1,0,6,True,False,1,3.8494182067077345,13.48923331087133,晴れ,6.13,9.1,17.6
2022-08-08,57899.0,6.5,0,0,False,False,0,3.8521560574948666,13.46055670375401,晴れ,5.53,9.1,16.19
2022-08-09,55897.0,8.0,0,1,False,False,0,3.8548939082819986,13.431524648684064,晴れ,7.03,9.1,20.22
2022-08-10,52922.0,4.4,0,2,False,False,0,3.8576317590691307,13.40214817819824,薄曇り〜曇り,7.140000000000001,5.7,13.94
2022-08-11,52826.0,4.7,0,3,False,True,1,3.8603696098562628,13.372438202252882,薄曇り〜曇り,7.44,5.7,15.6
2022-08-12,25600.0,0.9,0,4,False,False,0,3.863107460643395,13.342405501750308,曇り・雨,3.33,0.0,8.6
2022-08-13,39589.0,4.9,0,5,True,False,1,3.865845311430527,13.312060722748557,薄曇り〜曇り,7.640000000000001,5.7,15.43
2022-08-14,54077.0,5.5,0,6,True,False,1,3.868583162217659,13.281414371343528,晴れ,4.53,9.1,18.41
2022-08-15,45884.0,8.6,0,0,False,False,0,3.871321013004791,13.25047680921085,晴れ,7.63,9.1,22.86
2022-08-16,37738.0,1.7,0,1,False,False,0,3.8740588637919235,13.219258249793521,曇り・雨,4.13,0.0,9.89
2022-08-17,18006.0,0.0,0,2,False,False,0,3.8767967145790556,13.187768755120002,曇り・雨,2.43,0.0,2.13
2022-08-18,40222.0,10.4,0,3,False,False,0,3.8795345653661877,13.156018233236434,晴れ,9.43,9.1,25.51
2022-08-19,46564.0,7.0,0,4,False,False,0,3.8822724161533197,13.1240164362356,晴れ,6.03,9.1,19.71
2022-08-20,35061.0,2.7,0,5,True,False,1,3.885010266940452,13.09177295886456,薄曇り〜曇り,5.44,5.7,13.97
2022-08-21,41982.0,6.4,0,6,True,False,1,3.887748117727584,13.059297237692153,晴れ,5.430000000000001,9.1,19.78
2022-08-22,50376.0,6.9,0,0,False,False,0,3.890485968514716,13.026598550817024,晴れ,5.930000000000001,9.1,18.92
2022-08-23,46278.0,5.5,0,1,False,False,0,3.893223819301848,12.993686018096447,晴れ,4.53,9.1,18.29
2022-08-24,28728.0,0.0,0,2,False,False,0,3.89596167008898,12.960568601875877,曇り・雨,2.43,0.0,5.26
2022-08-25,54299.0,10.2,0,3,False,False,0,3.898699520876112,12.927255108198995,晴れ,9.229999999999999,9.1,24.61
2022-08-26,40272.0,4.3,0,4,False,False,0,3.9014373716632442,12.89375418847788,薄曇り〜曇り,7.04,5.7,15.96
2022-08-27,58155.0,9.4,0,5,True,False,1,3.9041752224503763,12.860074341602939,晴れ,8.43,9.1,22.8
2022-08-28,54774.0,6.4,1,6,True,False,1,3.9069130732375084,12.82622391647227,晴れ,5.430000000000001,9.1,17.5
2022-08-29,48059.0,10.3,0,0,False,False,0,3.909650924024641,12.792211114920267,快晴,5.000000000000001,9.1,21.11
2022-08-30,57176.0,10.0,0,1,False,False,0,3.912388774811773,12.75804399502553,晴れ,9.03,9.1,22.45
2022-08-31,48055.0,6.5,0,2,False,False,0,3.915126625598905,12.72373047477822,晴れ,5.53,9.1,15.82
2022-09-01,26408.0,0.0,0,3,False,False,0,3.917864476386037,12.689278336087558,曇り・雨,2.43,0.0,5.46
2022-09-02,25471.0,0.0,0,4,False,False,0,3.920602327173169,12.654695229110223,曇り・雨,2.43,0.0,6.36
2022-09-03,16210.0,0.0,0,5,True,False,1,3.923340177960301,12.619988676880961,曇り・雨,2.43,0.0,3.99
2022-09-04,42354.0,8.7,0,6,True,False,1,3.9260780287474333,12.58516608022704,晴れ,7.7299999999999995,9.1,19.79
2022-09-05,21913.0,0.0,0,0,False,False,0,3.9288158795345653,12.550234722948602,曇り・雨,2.43,0.0,5.24
2022-09-06,25332.0,2.9,0,1,False,False,0,3.9315537303216974,12.515201777247361,薄曇り〜曇り,5.640000000000001,5.7,9.98
2022-09-07,57120.0,11.0,0,2,False,False,0,3.9342915811088295,12.48007430938661,快晴,5.7,9.1,20.84
2022-09-08,57528.0,9.0,0,3,False,False,0,3.9370294318959616,12.44485928556582,晴れ,8.03,9.1,22.41
2022-09-09,54994.0,7.1,0,4,False,False,0,3.9397672826830936,12.409563577993655,晴れ,6.13,9.1,19.45
2022-09-10,54658.0,9.9,0,5,True,False,1,3.9425051334702257,12.374193971143582,快晴,4.6000000000000005,9.1,22.24
2022-09-11,48802.0,10.0,0,6,True,False,1,3.9452429842573578,12.33875716817668,快晴,4.7,9.1,21.69
2022-09-12,51440.0,8.6,0,0,False,False,0,3.9479808350444903,12.30325979751669,晴れ,7.63,9.1,18.22
2022-09-13,39590.0,4.1,0,1,False,False,0,3.9507186858316223,12.267708419562661,薄曇り〜曇り,6.84,5.7,14.85
2022-09-14,52779.0,10.6,0,2,False,False,0,3.9534565366187544,12.232109533524966,快晴,5.3,9.1,20.34
2022-09-15,49846.0,7.4,0,3,False,False,0,3.9561943874058865,12.19646958437075,晴れ,6.430000000000001,9.1,16.61
2022-09-16,45881.0,9.6,0,4,False,False,0,3.9589322381930185,12.160794969865195,晴れ,8.629999999999999,9.1,18.59
2022-09-17,17234.0,1.0,0,5,True,False,1,3.9616700889801506,12.125092047695267,曇り・雨,3.43,0.0,9.92
2022-09-18,4875.0,0.0,0,6,True,False,1,3.9644079397672827,12.08936714266281,曇り・雨,2.43,0.0,2.46
2022-09-19,9805.0,0.0,0,0,False,True,1,3.9671457905544147,12.053626553934135,曇り・雨,2.43,0.0,2.7
2022-09-20,54470.0,5.5,0,1,False,False,0,3.969883641341547,12.01787656233332,晴れ,4.53,9.1,15.32
2022-09-21,52473.0,7.4,0,2,False,False,0,3.972621492128679,11.98212343766668,晴れ,6.430000000000001,9.1,20.33
2022-09-22,42359.0,9.3,0,3,False,False,0,3.975359342915811,11.946373446065865,晴れ,8.33,9.1,20.73
2022-09-23,33232.0,0.1,0,4,False,True,1,3.978097193702943,11.91063285733719,曇り・雨,2.5300000000000002,0.0,8.05
2022-09-24,49575.0,6.8,0,5,True,False,1,3.980835044490075,11.874907952304735,晴れ,5.83,9.1,18.75
2022-09-25,45891.0,7.3,1,6,True,False,1,3.9835728952772076,11.839205030134805,晴れ,6.33,9.1,18.07
2022-09-26,23072.0,0.2,0,0,False,False,0,3.9863107460643397,11.803530415629252,曇り・雨,2.6300000000000003,0.0,6.13
2022-09-27,18759.0,2.5,0,1,False,False,0,3.9890485968514717,11.767890466475032,薄曇り〜曇り,5.24,5.7,8.95
2022-09-28,41202.0,4.3,0,2,False,False,0,3.991786447638604,11.732291580437339,薄曇り〜曇り,7.04,5.7,15.05
2022-09-29,37378.0,3.6,0,3,False,False,0,3.994524298425736,11.696740202483312,薄曇り〜曇り,6.34,5.7,12.65
2022-09-30,53569.0,10.6,0,4,False,False,0,3.997262149212868,11.661242831823321,快晴,5.3,9.1,20.6
2022-10-01,55871.0,9.5,0,5,True,False,1,4.0,11.62580602885642,快晴,4.2,9.1,20.65
2022-10-02,51848.0,9.6,1,6,True,False,1,4.002737850787132,11.590436422006345,快晴,4.3,9.1,17.42
2022-10-03,53136.0,10.4,0,0,False,False,0,4.005475701574264,11.555140714434181,快晴,5.1000000000000005,9.1,19.81
2022-10-04,40287.0,4.7,0,1,False,False,0,4.008213552361396,11.519925690613391,晴れ,3.7300000000000004,9.1,11.76
2022-10-05,41771.0,7.0,0,2,False,False,0,4.010951403148528,11.48479822275264,晴れ,6.03,9.1,14.83
2022-10-06,28327.0,2.1,0,3,False,False,0,4.01368925393566,11.4497652770514,曇り・雨,4.53,0.0,10.5
2022-10-07,19824.0,3.2,0,4,False,False,0,4.016427104722792,11.41483391977296,薄曇り〜曇り,5.94,5.7,9.41
2022-10-08,40156.0,5.8,0,5,True,False,1,4.0191649555099245,11.38001132311904,晴れ,4.83,9.1,13.52
2022-10-09,8517.0,0.0,0,6,True,False,1,4.0219028062970565,11.345304770889777,曇り・雨,2.43,0.0,2.34
2022-10-10,43564.0,2.8,0,0,False,True,1,4.024640657084189,11.310721663912442,薄曇り〜曇り,5.54,5.7,10.64
2022-10-11,37736.0,1.9,0,1,False,False,0,4.027378507871321,11.276269525221782,曇り・雨,4.33,0.0,9.31
2022-10-12,40446.0,10.1,0,2,False,False,0,4.030116358658453,11.241956004974472,快晴,4.8,9.1,19.61
2022-10-13,45327.0,10.2,0,3,False,False,0,4.032854209445585,11.207788885079731,快晴,4.8999999999999995,9.1,18.44
2022-10-14,50430.0,10.6,0,4,False,False,0,4.035592060232717,11.173776083527732,快晴,5.3,9.1,19.0
2022-10-15,49459.0,10.5,0,5,True,False,1,4.03832991101985,11.13992565839706,快晴,5.2,9.1,18.46
2022-10-16,32865.0,7.7,0,6,True,False,1,4.041067761806982,11.106245811522118,晴れ,6.73,9.1,14.96
2022-10-17,10012.0,0.0,0,0,False,False,0,4.043805612594114,11.072744891801005,曇り・雨,2.43,0.0,5.62
2022-10-18,44055.0,7.1,0,1,False,False,0,4.046543463381246,11.039431398124123,晴れ,6.13,9.1,15.37
2022-10-19,50488.0,7.2,0,2,False,False,0,4.049281314168378,11.006313981903551,晴れ,6.23,9.1,15.55
2022-10-20,52829.0,10.4,1,3,False,False,0,4.05201916495551,10.973401449182974,快晴,5.1000000000000005,9.1,18.7
2022-10-21,46531.0,9.5,0,4,False,False,0,4.054757015742642,10.940702762307847,快晴,4.2,9.1,17.49
2022-10-22,38776.0,3.3,0,5,True,False,1,4.057494866529774,10.90822704113544,薄曇り〜曇り,6.04,5.7,11.21
2022-10-23,41971.0,7.6,1,6,True,False,1,4.060232717316906,10.8759835637644,晴れ,6.63,9.1,15.65
2022-10-24,40307.0,4.1,0,0,False,False,0,4.0629705681040384,10.843981766763564,薄曇り〜曇り,6.84,5.7,9.21
2022-10-25,45519.0,5.8,0,1,False,False,0,4.0657084188911705,10.812231244879996,晴れ,4.83,9.1,12.31
2022-10-26,46680.0,10.0,1,2,False,False,0,4.068446269678303,10.78074175020648,快晴,4.7,9.1,17.51
2022-10-27,19934.0,3.1,0,3,False,False,0,4.071184120465435,10.74952319078915,薄曇り〜曇り,5.84,5.7,9.57
2022-10-28,38338.0,9.5,1,4,False,False,0,4.073921971252567,10.718585628656472,快晴,4.2,9.1,13.72
2022-10-29,44756.0,9.6,1,5,True,False,1,4.076659822039699,10.687939277251441,快晴,4.3,9.1,15.99
2022-10-30,41211.0,9.9,1,6,True,False,1,4.079397672826831,10.657594498249694,快晴,4.6000000000000005,9.1,16.86
2022-10-31,41245.0,9.9,0,0,False,False,0,4.082135523613963,10.627561797747116,快晴,4.6000000000000005,9.1,16.47
2022-11-01,15410.0,4.4,0,1,False,False,0,4.084873374401095,10.597851821801761,晴れ,3.4300000000000006,9.1,8.88
2022-11-02,33841.0,9.4,0,2,False,False,0,4.087611225188227,10.568475351315936,快晴,4.1000000000000005,9.1,16.02
2022-11-03,39649.0,9.8,0,3,False,True,1,4.090349075975359,10.53944329624599,快晴,4.500000000000001,9.1,15.75
2022-11-04,43235.0,5.7,0,4,False,False,0,4.093086926762491,10.510766689128673,晴れ,4.73,9.1,11.92
2022-11-05,45206.0,9.5,1,5,True,False,1,4.095824777549623,10.482456677914888,快晴,4.2,9.1,15.2
2022-11-06,39322.0,8.1,1,6,True,False,1,4.098562628336755,10.45452451810347,晴れ,7.13,9.1,15.05
2022-11-07,36878.0,8.5,1,0,False,False,0,4.101300479123887,10.42698156416979,快晴,3.2,9.1,14.07
2022-11-08,44082.0,9.7,0,1,False,False,0,4.1040383299110195,10.399839260286221,快晴,4.3999999999999995,9.1,15.03
2022-11-09,43752.0,9.7,0,2,False,False,0,4.1067761806981515,10.373109130334019,快晴,4.3999999999999995,9.1,14.92
2022-11-10,35425.0,7.2,0,3,False,False,0,4.1095140314852845,10.346802767208708,晴れ,6.23,9.1,12.24
2022-11-11,32860.0,7.2,0,4,False,False,0,4.112251882272417,10.320931821423939,晴れ,6.23,9.1,11.8
2022-11-12,31728.0,8.2,0,5,True,False,1,4.114989733059549,10.295507989021678,晴れ,7.2299999999999995,9.1,13.55
2022-11-13,23178.0,3.3,0,6,True,False,1,4.117727583846681,10.270542998799677,薄曇り〜曇り,6.04,5.7,6.72
2022-11-14,34390.0,6.9,0,0,False,False,0,4.120465434633813,10.24604859887048,晴れ,5.930000000000001,9.1,13.29
2022-11-15,32970.0,7.4,0,1,False,False,0,4.123203285420945,10.222036542569487,晴れ,6.430000000000001,9.1,11.68
2022-11-16,41700.0,8.2,0,2,False,False,0,4.125941136208077,10.198518573733121,快晴,2.8999999999999995,9.1,12.6
2022-11-17,17358.0,2.3,0,3,False,False,0,4.128678986995209,10.175506411371734,薄曇り〜曇り,5.04,5.7,7.49
2022-11-18,22888.0,8.7,0,4,False,False,0,4.131416837782341,10.153011733765432,快晴,3.3999999999999995,9.1,13.28
2022-11-19,9383.0,0.5,0,5,True,False,1,4.134154688569473,10.13104616201481,曇り・雨,2.93,0.0,4.67
2022-11-20,28129.0,4.8,0,6,True,False,1,4.136892539356605,10.109621243082191,晴れ,3.83,9.1,9.48
2022-11-21,35409.0,6.4,0,0,False,False,0,4.139630390143737,10.088748432362745,晴れ,5.430000000000001,9.1,10.33
2022-11-22,19691.0,1.1,0,1,False,False,0,4.142368240930869,10.068439075828586,曇り・雨,3.5300000000000002,0.0,5.4
2022-11-23,14037.0,0.0,0,2,False,True,1,4.145106091718001,10.048704391792477,曇り・雨,2.43,0.0,2.01
2022-11-24,33491.0,5.4,0,3,False,False,0,4.147843942505133,10.029555452341455,晴れ,4.430000000000001,9.1,9.41
2022-11-25,38016.0,9.3,0,4,False,False,0,4.1505817932922655,10.01100316449404,快晴,4.000000000000001,9.1,13.52
2022-11-26,28478.0,8.3,0,5,True,False,1,4.153319644079398,9.993058251138,快晴,3.000000000000001,9.1,12.18
2022-11-27,33016.0,7.3,1,6,True,False,1,4.15605749486653,9.975731231808803,晴れ,6.33,9.1,11.27
2022-11-28,36790.0,8.9,0,0,False,False,0,4.158795345653662,9.959032403371644,快晴,3.6000000000000005,9.1,13.01
2022-11-29,11238.0,0.9,0,1,False,False,0,4.161533196440794,9.942971820672772,曇り・雨,3.33,0.0,3.28
2022-11-30,11270.0,0.1,0,2,False,False,0,4.164271047227926,9.927559277227983,曇り・雨,2.5300000000000002,0.0,2.31
2022-12-01,24063.0,2.3,0,3,False,False,0,4.167008898015058,9.912804286018348,薄曇り〜曇り,5.04,5.7,6.05
2022-12-02,25694.0,4.0,0,4,False,False,0,4.16974674880219,9.898716060464855,晴れ,3.0300000000000002,9.1,8.67
2022-12-03,20163.0,8.0,0,5,True,False,1,4.172484599589322,9.88530349565499,快晴,2.7,9.1,11.34
2022-12-04,12596.0,0.0,0,6,True,False,1,4.175222450376454,9.872575149895196,曇り・雨,2.43,0.0,2.11
2022-12-05,8147.0,0.0,0,0,False,False,0,4.177960301163586,9.860539226663656,曇り・雨,2.43,0.0,2.44
2022-12-06,33751.0,4.2,0,1,False,False,0,4.180698151950718,9.849203557037837,晴れ,3.2300000000000004,9.1,8.1
2022-12-07,28793.0,2.9,0,2,False,False,0,4.183436002737851,9.838575582670936,薄曇り〜曇り,5.640000000000001,5.7,6.44
2022-12-08,34393.0,6.7,0,3,False,False,0,4.186173853524983,9.828662339390293,晴れ,5.73,9.1,8.88
2022-12-09,31469.0,4.1,0,4,False,False,0,4.188911704312115,9.81947044148967,晴れ,3.13,9.1,9.05
2022-12-10,36766.0,8.5,0,5,True,False,1,4.191649555099247,9.811006066785255,快晴,3.2,9.1,11.6
2022-12-11,19321.0,0.9,0,6,True,False,1,4.1943874058863795,9.803274942503,曇り・雨,3.33,0.0,2.83
2022-12-12,33762.0,8.0,0,0,False,False,0,4.1971252566735116,9.796282332062013,快晴,2.7,9.1,11.92
2022-12-13,27773.0,1.9,0,1,False,False,0,4.199863107460644,9.790033022815427,曇り・雨,4.33,0.0,5.3
2022-12-14,23303.0,4.3,0,2,False,False,0,4.202600958247776,9.784531314806436,晴れ,3.33,9.1,9.11
2022-12-15,33741.0,3.9,0,3,False,False,0,4.205338809034908,9.779781010592892,薄曇り〜曇り,6.640000000000001,5.7,8.23
2022-12-16,16758.0,0.2,0,4,False,False,0,4.20807665982204,9.77578540618937,曇り・雨,2.6300000000000003,0.0,3.13
2022-12-17,4206.0,0.0,0,5,True,False,1,4.210814510609172,9.772547283170494,曇り・雨,2.43,0.0,1.16
2022-12-18,18014.0,0.9,0,6,True,False,1,4.213552361396304,9.770068901974058,曇り・雨,3.33,0.0,3.32
2022-12-19,26453.0,4.6,0,0,False,False,0,4.216290212183436,9.768351996436788,晴れ,3.63,9.1,8.92
2022-12-20,33049.0,4.8,0,1,False,False,0,4.219028062970568,9.767397769589689,晴れ,3.83,9.1,8.47
2022-12-21,4469.0,0.0,0,2,False,False,0,4.2217659137577,9.767206890733803,曇り・雨,2.43,0.0,1.54
2022-12-22,20465.0,2.4,0,3,False,False,0,4.224503764544832,9.767779493810915,薄曇り〜曇り,5.140000000000001,5.7,5.67
2022-12-23,19146.0,1.1,0,4,False,False,0,4.227241615331964,9.76911517707727,曇り・雨,3.5300000000000002,0.0,3.89
2022-12-24,18197.0,0.1,0,5,True,False,1,4.229979466119096,9.771213004081984,曇り・雨,2.5300000000000002,0.0,3.51
2022-12-25,29690.0,4.7,0,6,True,False,1,4.232717316906228,9.77407150594522,晴れ,3.7300000000000004,9.1,8.6
2022-12-26,37225.0,8.0,0,0,False,False,0,4.2354551676933605,9.777688684924854,快晴,2.7,9.1,11.52
2022-12-27,36239.0,7.9,0,1,False,False,0,4.238193018480493,9.782062019253905,快晴,2.6000000000000005,9.1,11.08
2022-12-28,25104.0,2.5,0,2,False,False,0,4.240930869267625,9.787188469224839,薄曇り〜曇り,5.24,5.7,6.7
2022-12-29,33171.0,2.6,0,3,False,False,0,4.243668720054757,9.79306448449081,薄曇り〜曇り,5.34,5.7,6.53
2022-12-30,26152.0,1.9,0,4,False,False,0,4.246406570841889,9.799686012548124,曇り・雨,4.33,0.0,6.64
2022-12-31,30181.0,4.3,1,5,True,False,1,4.249144421629021,9.80704850835871,晴れ,3.33,9.1,7.73
2023-01-01,31905.0,6.2,1,6,True,True,1,4.251882272416153,9.815146945066195,晴れ,5.23,9.1,10.7
2023-01-02,32743.0,8.9,1,0,False,True,1,4.254620123203286,9.823975825754422,快晴,3.6000000000000005,9.1,12.48
2023-01-03,34397.0,8.7,1,1,False,False,0,4.257357973990418,9.833529196192758,快晴,3.3999999999999995,9.1,12.81
2023-01-04,39139.0,8.3,1,2,False,False,0,4.26009582477755,9.843800658508634,快晴,3.000000000000001,9.1,12.27
2023-01-05,35305.0,6.9,0,3,False,False,0,4.262833675564682,9.854783385724152,晴れ,5.930000000000001,9.1,9.1
2023-01-06,20747.0,4.9,0,4,False,False,0,4.265571526351814,9.866470137090555,晴れ,3.9300000000000006,9.1,8.04
2023-01-07,26060.0,3.4,0,5,True,False,1,4.268309377138946,9.878853274151734,薄曇り〜曇り,6.140000000000001,5.7,7.68
2023-01-08,38652.0,9.0,1,6,True,False,1,4.271047227926078,9.891924777465883,快晴,3.7,9.1,12.84
2023-01-09,35832.0,4.9,1,0,False,True,1,4.27378507871321,9.90567626391272,晴れ,3.9300000000000006,9.1,8.2
2023-01-10,41181.0,7.5,0,1,False,False,0,4.276522929500342,9.92009900451261,晴れ,6.53,9.1,12.23
2023-01-11,38715.0,7.9,0,2,False,False,0,4.2792607802874745,9.935183942683263,晴れ,6.930000000000001,9.1,11.89
2023-01-12,23120.0,0.7,0,3,False,False,0,4.2819986310746065,9.950921712859504,曇り・雨,3.13,0.0,5.51
2023-01-13,7805.0,0.0,0,4,False,False,0,4.284736481861739,9.96730265940185,曇り・雨,2.43,0.0,2.23
2023-01-14,8798.0,0.0,0,5,True,False,1,4.287474332648871,9.984316855720381,曇り・雨,2.43,0.0,2.29
2023-01-15,12018.0,0.3,0,6,True,False,1,4.290212183436003,10.001954123541493,曇り・雨,2.73,0.0,3.75
2023-01-16,23748.0,0.8,0,0,False,False,0,4.292950034223135,10.020204052246623,曇り・雨,3.2300000000000004,0.0,3.89
2023-01-17,25093.0,0.7,0,1,False,False,0,4.295687885010267,10.039056018213923,曇り・雨,3.13,0.0,2.85
2023-01-18,21114.0,0.3,0,2,False,False,0,4.298425735797399,10.058499204096071,曇り・雨,2.73,0.0,2.43
2023-01-19,18461.0,0.0,0,3,False,False,0,4.301163586584531,10.07852261796985,曇り・雨,2.43,0.0,1.99
2023-01-20,25101.0,1.9,0,4,False,False,0,4.303901437371663,10.099115112295992,曇り・雨,4.33,0.0,3.93
2023-01-21,41448.0,8.3,0,5,True,False,1,4.306639288158795,10.120265402630674,快晴,3.000000000000001,9.1,12.64
2023-01-22,14256.0,0.8,0,6,True,False,1,4.309377138945927,10.14196208603335,曇り・雨,3.2300000000000004,0.0,3.5
2023-01-23,24960.0,5.2,0,0,False,False,0,4.312114989733059,10.164193659118924,晴れ,4.23,9.1,9.73
2023-01-24,16578.0,2.8,0,1,False,False,0,4.314852840520191,10.186948535705747,薄曇り〜曇り,5.54,5.7,6.87
2023-01-25,33325.0,2.5,0,2,False,False,0,4.317590691307323,10.210215064014584,薄曇り〜曇り,5.24,5.7,8.29
2023-01-26,25895.0,0.0,0,3,False,False,0,4.3203285420944555,10.233981543377325,曇り・雨,2.43,0.0,3.84
2023-01-27,14997.0,1.3,0,4,False,False,0,4.323066392881588,10.258236240417924,曇り・雨,3.7300000000000004,0.0,4.46
2023-01-28,30241.0,1.4,0,5,True,False,1,4.32580424366872,10.28296740467179,曇り・雨,3.83,0.0,5.81
2023-01-29,20209.0,0.1,0,6,True,False,1,4.328542094455853,10.308163283613561,曇り・雨,2.5300000000000002,0.0,4.18
2023-01-30,43990.0,8.4,0,0,False,False,0,4.331279945242985,10.333812137066827,快晴,3.1000000000000005,9.1,14.66
2023-01-31,48963.0,9.1,0,1,False,False,0,4.334017796030117,10.35990225097301,快晴,3.8,9.1,15.05
2023-02-01,27822.0,6.1,0,2,False,False,0,4.336755646817249,10.386421950500111,晴れ,5.13,9.1,10.55
2023-02-02,36503.0,2.5,0,3,False,False,0,4.339493497604381,10.413359612475453,薄曇り〜曇り,5.24,5.7,8.06
2023-02-03,21827.0,3.7,0,4,False,False,0,4.342231348391513,10.440703677129822,薄曇り〜曇り,6.44,5.7,8.38
2023-02-04,34145.0,7.9,1,5,True,False,1,4.344969199178645,10.468442659143651,晴れ,6.930000000000001,9.1,13.47
2023-02-05,40130.0,9.7,1,6,True,False,1,4.347707049965777,10.496565157988822,快晴,4.3999999999999995,9.1,14.98
2023-02-06,10763.0,0.0,0,0,False,False,0,4.350444900752909,10.52505986756259,曇り・雨,2.43,0.0,4.45
2023-02-07,10431.0,0.2,0,1,False,False,0,4.353182751540041,10.553915585112831,曇り・雨,2.6300000000000003,0.0,6.65
2023-02-08,44761.0,8.3,1,2,False,False,0,4.355920602327173,10.583121219456336,晴れ,7.330000000000001,9.1,13.76
2023-02-09,27102.0,4.9,0,3,False,False,0,4.358658453114305,10.61266579849426,晴れ,3.9300000000000006,9.1,11.52
2023-02-10,12368.0,0.0,0,4,False,False,0,4.361396303901437,10.64253847603102,曇り・雨,2.43,0.0,4.49
2023-02-11,26555.0,2.9,1,5,True,True,1,4.3641341546885695,10.672728537904959,薄曇り〜曇り,5.640000000000001,5.7,9.18
2023-02-12,28587.0,6.5,1,6,True,False,1,4.3668720054757015,10.703225407440916,晴れ,5.53,9.1,13.26
2023-02-13,7449.0,0.0,0,0,False,False,0,4.369609856262834,10.734018650236571,曇り・雨,2.43,0.0,1.48
2023-02-14,41457.0,3.4,0,1,False,False,0,4.372347707049966,10.765097978295838,薄曇り〜曇り,6.140000000000001,5.7,11.54
2023-02-15,42187.0,3.2,1,2,False,False,0,4.375085557837098,10.796453253524026,薄曇り〜曇り,5.94,5.7,10.72
2023-02-16,53992.0,10.4,1,3,False,False,0,4.37782340862423,10.828074490600576,快晴,5.1000000000000005,9.1,18.24
2023-02-17,33364.0,1.1,0,4,False,False,0,4.380561259411362,10.859951859246248,曇り・雨,3.5300000000000002,0.0,7.77
2023-02-18,18989.0,0.0,0,5,True,False,1,4.383299110198494,10.892075685902512,曇り・雨,2.43,0.0,2.09
2023-02-19,14382.0,1.2,0,6,True,False,1,4.386036960985626,10.924436454841596,曇り・雨,3.63,0.0,5.26
2023-02-20,46781.0,9.4,1,0,False,False,0,4.388774811772758,10.95702480872628,快晴,4.1000000000000005,9.1,18.54
2023-02-21,42601.0,2.2,0,1,False,False,0,4.39151266255989,10.989831548638971,薄曇り〜曇り,4.94,5.7,9.64
2023-02-22,45615.0,8.8,1,2,False,False,0,4.394250513347022,11.022847633600014,晴れ,7.830000000000001,9.1,17.39
2023-02-23,18310.0,5.1,0,3,False,True,1,4.396988364134154,11.056064179595328,晴れ,4.13,9.1,13.1
2023-02-24,16579.0,2.3,0,4,False,False,0,4.399726214921286,11.089472458133766,薄曇り〜曇り,5.04,5.7,9.34
2023-02-25,38384.0,1.7,1,5,True,False,1,4.402464065708419,11.123063894354518,曇り・雨,4.13,0.0,7.98
2023-02-26,44858.0,8.5,1,6,True,False,1,4.405201916495551,11.156830064704923,晴れ,7.53,9.1,18.36
2023-02-27,57272.0,10.5,1,0,False,False,0,4.407939767282683,11.190762694208985,快晴,5.2,9.1,20.3
2023-02-28,54440.0,9.8,1,1,False,False,0,4.4106776180698155,11.224853653346617,快晴,4.500000000000001,9.1,18.51
2023-03-01,31255.0,0.0,0,2,False,False,0,4.413415468856948,11.259094954563576,曇り・雨,2.43,0.0,4.27
2023-03-02,49687.0,9.3,1,3,False,False,0,4.41615331964408,11.2934787484316,快晴,4.000000000000001,9.1,19.15
2023-03-03,51090.0,10.3,1,4,False,False,0,4.418891170431212,11.327997319478118,快晴,5.000000000000001,9.1,19.54
2023-03-04,31160.0,9.0,1,5,True,False,1,4.421629021218344,11.362643081704407,晴れ,8.03,9.1,16.1
2023-03-05,34752.0,10.6,1,6,True,False,1,4.424366872005476,11.397408573810802,快晴,5.3,9.1,20.76
2023-03-06,47100.0,10.6,1,0,False,False,0,4.427104722792608,11.432286454147071,快晴,5.3,9.1,20.62
2023-03-07,46659.0,10.2,1,1,False,False,0,4.42984257357974,11.467269495405722,快晴,4.8999999999999995,9.1,18.92
2023-03-08,44211.0,9.3,1,2,False,False,0,4.432580424366872,11.50235057907555,快晴,4.000000000000001,9.1,17.61
2023-03-09,19663.0,3.4,0,3,False,False,0,4.435318275154004,11.537522689672278,薄曇り〜曇り,6.140000000000001,5.7,11.8
2023-03-10,39690.0,9.8,1,4,False,False,0,4.438056125941136,11.572778908762738,快晴,4.500000000000001,9.1,18.87
2023-03-11,35052.0,8.1,1,5,True,False,1,4.440793976728268,11.608112408798625,晴れ,7.13,9.1,17.36
2023-03-12,26398.0,1.6,1,6,True,False,1,4.4435318275154,11.64351644677538,曇り・雨,4.03,0.0,7.09
2023-03-13,44972.0,8.6,1,0,False,False,0,4.446269678302532,11.678984357731407,晴れ,7.63,9.1,21.23
2023-03-14,49444.0,10.8,1,1,False,False,0,4.4490075290896645,11.714509548102436,快晴,5.500000000000001,9.1,22.6
2023-03-15,42703.0,8.2,1,2,False,False,0,4.4517453798767965,11.75008548894542,晴れ,7.2299999999999995,9.1,19.18
2023-03-16,34850.0,2.2,1,3,False,False,0,4.454483230663929,11.785705709046084,曇り・雨,4.630000000000001,0.0,11.4
2023-03-17,19088.0,0.3,0,4,False,False,0,4.457221081451061,11.821363787923891,曇り・雨,2.73,0.0,7.61
2023-03-18,25882.0,3.7,1,5,True,False,1,4.459958932238193,11.85705334874787,薄曇り〜曇り,6.44,5.7,10.36
2023-03-19,28475.0,10.7,1,6,True,False,1,4.462696783025325,11.892768051176587,快晴,5.3999999999999995,9.1,21.92
2023-03-20,27929.0,4.8,1,0,False,False,0,4.465434633812457,11.928501584135189,晴れ,3.83,9.1,13.21
2023-03-21,5417.0,0.0,0,1,False,True,1,4.468172484599589,11.964247658542385,曇り・雨,2.43,0.0,3.47
2023-03-22,34064.0,6.9,1,2,False,False,0,4.470910335386721,12.0,晴れ,5.930000000000001,9.1,19.18
2023-03-23,17074.0,0.0,0,3,False,False,0,4.473648186173854,12.035752341457613,曇り・雨,2.43,0.0,3.09
2023-03-24,17735.0,0.0,0,4,False,False,0,4.476386036960986,12.07149841586481,曇り・雨,2.43,0.0,3.09
2023-03-25,33880.0,4.5,1,5,True,False,1,4.479123887748118,12.107231948823411,薄曇り〜曇り,7.24,5.7,14.94
2023-03-26,17703.0,0.3,0,6,True,False,1,4.48186173853525,12.142946651252128,曇り・雨,2.73,0.0,6.89
2023-03-27,46606.0,8.1,1,0,False,False,0,4.484599589322382,12.178636212076109,晴れ,7.13,9.1,18.05
2023-03-28,52265.0,11.6,1,1,False,False,0,4.487337440109514,12.214294290953914,快晴,6.3,9.1,24.21
2023-03-29,51736.0,10.5,1,2,False,False,0,4.490075290896646,12.24991451105458,快晴,5.2,9.1,22.58
2023-03-30,31254.0,7.3,0,3,False,False,0,4.492813141683778,12.285490451897562,晴れ,6.33,9.1,16.5
2023-03-31,42741.0,8.0,1,4,False,False,0,4.4955509924709105,12.321015642268591,晴れ,7.03,9.1,21.53
2023-04-01,36683.0,10.3,1,5,True,False,1,4.498288843258043,12.35648355322462,快晴,5.000000000000001,9.1,21.63
2023-04-02,35252.0,11.6,1,6,True,False,1,4.501026694045175,12.391887591201373,快晴,6.3,9.1,23.71
2023-04-03,52832.0,11.9,1,0,False,False,0,4.503764544832307,12.42722109123726,快晴,6.6000000000000005,9.1,24.93
2023-04-04,43486.0,5.3,1,1,False,False,0,4.506502395619439,12.462477310327722,晴れ,4.33,9.1,16.69
2023-04-05,9057.0,0.0,0,2,False,False,0,4.509240246406571,12.497649420924448,曇り・雨,2.43,0.0,2.37
2023-04-06,13650.0,0.0,0,3,False,False,0,4.511978097193703,12.532730504594277,曇り・雨,2.43,0.0,4.58
2023-04-07,26864.0,5.3,0,4,False,False,0,4.514715947980835,12.567713545852929,晴れ,4.33,9.1,13.68
2023-04-08,39567.0,11.5,1,5,True,False,1,4.517453798767967,12.602591426189196,快晴,6.2,9.1,26.49
2023-04-09,36058.0,12.0,1,6,True,False,1,4.520191649555099,12.637356918295591,快晴,6.7,9.1,26.02
2023-04-10,53010.0,10.7,1,0,False,False,0,4.522929500342231,12.672002680521882,快晴,5.3999999999999995,9.1,23.8
2023-04-11,42183.0,5.3,1,1,False,False,0,4.525667351129363,12.706521251568399,晴れ,4.33,9.1,15.04
2023-04-12,41734.0,8.6,1,2,False,False,0,4.528405201916495,12.740905045436424,晴れ,7.63,9.1,22.12
2023-04-13,51716.0,11.3,1,3,False,False,0,4.531143052703627,12.775146346653381,快晴,6.000000000000001,9.1,24.45
2023-04-14,10937.0,0.0,0,4,False,False,0,4.5338809034907595,12.809237305791015,曇り・雨,2.43,0.0,5.02
2023-04-15,14812.0,0.0,0,5,True,False,1,4.5366187542778915,12.843169935295075,曇り・雨,2.43,0.0,3.85
2023-04-16,33809.0,7.7,1,6,True,False,1,4.539356605065024,12.87693610564548,晴れ,6.73,9.1,19.88
2023-04-17,52566.0,11.5,1,0,False,False,0,4.542094455852156,12.910527541866232,快晴,6.2,9.1,25.58
2023-04-18,51349.0,10.5,1,1,False,False,0,4.544832306639288,12.94393582040467,快晴,5.2,9.1,23.12
2023-04-19,29041.0,1.1,0,2,False,False,0,4.547570157426421,12.977152366399984,曇り・雨,3.5300000000000002,0.0,12.95
2023-04-20,51443.0,10.5,1,3,False,False,0,4.550308008213553,13.010168451361027,快晴,5.2,9.1,23.9
2023-04-21,35682.0,3.3,0,4,False,False,0,4.553045859000685,13.042975191273719,薄曇り〜曇り,6.04,5.7,13.81
2023-04-22,46173.0,11.7,1,5,True,False,1,4.555783709787817,13.075563545158403,快晴,6.3999999999999995,9.1,26.15
2023-04-23,41415.0,8.4,1,6,True,False,1,4.558521560574949,13.107924314097488,晴れ,7.430000000000001,9.1,22.8
2023-04-24,16337.0,0.0,0,0,False,False,0,4.561259411362081,13.14004814075375,曇り・雨,2.43,0.0,6.15
2023-04-25,9099.0,0.0,0,1,False,False,0,4.563997262149213,13.171925509399422,曇り・雨,2.43,0.0,2.98
2023-04-26,43243.0,9.3,1,2,False,False,0,4.566735112936345,13.203546746475972,晴れ,8.33,9.1,25.68
2023-04-27,48458.0,11.4,1,3,False,False,0,4.569472963723477,13.234902021704162,快晴,6.1000000000000005,9.1,25.6
2023-04-28,42889.0,8.2,1,4,False,False,0,4.572210814510609,13.265981349763429,晴れ,7.2299999999999995,9.1,22.53
2023-04-29,8158.0,0.0,0,5,True,True,1,4.574948665297741,13.296774592559082,曇り・雨,2.43,0.0,2.76
2023-04-30,26233.0,8.0,1,6,True,False,1,4.577686516084873,13.327271462095041,晴れ,7.03,9.1,22.9
2023-05-01,38670.0,12.4,1,0,False,False,0,4.5804243668720055,13.357461523968977,快晴,7.1000000000000005,9.1,27.52
2023-05-02,43104.0,12.3,1,1,False,False,0,4.583162217659138,13.38733420150574,快晴,7.000000000000001,9.1,27.33
2023-05-03,28704.0,8.2,1,2,False,True,1,4.58590006844627,13.416878780543664,晴れ,7.2299999999999995,9.1,23.39
2023-05-04,17255.0,1.2,1,3,False,True,1,4.588637919233402,13.446084414887167,曇り・雨,3.63,0.0,10.49
2023-05-05,25914.0,2.4,1,4,False,True,1,4.591375770020534,13.474940132437409,曇り・雨,4.83,0.0,11.89
2023-05-06,10441.0,0.0,0,5,True,False,1,4.594113620807666,13.503434842011178,曇り・雨,2.43,0.0,3.06
2023-05-07,6122.0,0.0,0,6,True,False,1,4.596851471594798,13.531557340856347,曇り・雨,2.43,0.0,2.43
2023-05-08,41466.0,9.0,1,0,False,False,0,4.59958932238193,13.559296322870177,晴れ,8.03,9.1,23.96
2023-05-09,46169.0,12.4,1,1,False,False,0,4.602327173169062,13.586640387524545,快晴,7.1000000000000005,9.1,28.91
2023-05-10,48935.0,12.2,1,2,False,False,0,4.605065023956194,13.613578049499889,快晴,6.8999999999999995,9.1,28.24
2023-05-11,46330.0,10.8,1,3,False,False,0,4.607802874743326,13.64009774902699,晴れ,9.83,9.1,25.26
2023-05-12,44867.0,9.5,1,4,False,False,0,4.610540725530458,13.666187862933171,晴れ,8.53,9.1,23.95
2023-05-13,10533.0,0.0,0,5,True,False,1,4.61327857631759,13.691836716386437,曇り・雨,2.43,0.0,3.68
2023-05-14,38255.0,9.4,1,6,True,False,1,4.616016427104722,13.71703259532821,晴れ,8.43,9.1,26.12
2023-05-15,56819.0,12.6,1,0,False,False,0,4.618754277891855,13.741763759582074,快晴,7.3,9.1,27.77
2023-05-16,60866.0,12.6,1,1,False,False,0,4.621492128678987,13.766018456622673,快晴,7.3,9.1,27.17
2023-05-17,59461.0,10.6,1,2,False,False,0,4.6242299794661195,13.789784935985415,晴れ,9.629999999999999,9.1,25.83
2023-05-18,11473.0,0.0,0,3,False,False,0,4.6269678302532515,13.81305146429425,曇り・雨,2.43,0.0,4.79
2023-05-19,21699.0,0.0,0,4,False,False,0,4.629705681040384,13.835806340881074,曇り・雨,2.43,0.0,6.75
2023-05-20,48373.0,5.3,1,5,True,False,1,4.632443531827516,13.85803791396665,薄曇り〜曇り,8.04,5.7,18.03
2023-05-21,47704.0,13.0,1,6,True,False,1,4.635181382614648,13.879734597369325,快晴,7.7,9.1,28.39
2023-05-22,46074.0,3.6,1,0,False,False,0,4.63791923340178,13.900884887704006,薄曇り〜曇り,6.34,5.7,15.0
2023-05-23,58865.0,11.5,1,1,False,False,0,4.640657084188912,13.921477382030147,快晴,6.2,9.1,27.2
2023-05-24,61007.0,11.2,1,2,False,False,0,4.643394934976044,13.941500795903929,快晴,5.8999999999999995,9.1,28.84
2023-05-25,44554.0,0.9,1,3,False,False,0,4.646132785763176,13.960943981786077,曇り・雨,3.33,0.0,13.34
2023-05-26,53943.0,0.7,1,4,False,False,0,4.648870636550308,13.979795947753377,曇り・雨,3.13,0.0,12.93
2023-05-27,50867.0,8.9,1,5,True,False,1,4.65160848733744,13.998045876458507,晴れ,7.930000000000001,9.1,22.75
2023-05-28,41630.0,2.7,1,6,True,False,1,4.654346338124572,14.015683144279617,曇り・雨,5.130000000000001,0.0,15.91
2023-05-29,40742.0,0.6,0,0,False,False,0,4.657084188911704,14.03269734059815,曇り・雨,3.0300000000000002,0.0,9.86
2023-05-30,22740.0,0.0,0,1,False,False,0,4.659822039698836,14.049078287140494,曇り・雨,2.43,0.0,4.17
2023-05-31,30061.0,5.7,1,2,False,False,0,4.662559890485968,14.064816057316735,晴れ,4.73,9.1,16.15
2023-06-01,24287.0,2.0,0,3,False,False,0,4.6652977412731005,14.079900995487389,曇り・雨,4.43,0.0,13.16
2023-06-02,24568.0,3.9,0,4,False,False,0,4.6680355920602326,14.09432373608728,薄曇り〜曇り,6.640000000000001,5.7,14.31
2023-06-03,54638.0,13.0,1,5,True,False,1,4.670773442847365,14.108075222534115,快晴,7.7,9.1,29.76
2023-06-04,41116.0,6.1,1,6,True,False,1,4.673511293634497,14.121146725848265,晴れ,5.13,9.1,18.5
2023-06-05,32718.0,0.0,0,0,False,False,0,4.676249144421629,14.133529862909443,曇り・雨,2.43,0.0,9.84
2023-06-06,7458.0,0.0,0,1,False,False,0,4.678986995208761,14.145216614275846,曇り・雨,2.43,0.0,6.18
2023-06-07,58188.0,10.2,1,2,False,False,0,4.681724845995893,14.156199341491366,晴れ,9.229999999999999,9.1,24.62
2023-06-08,7341.0,0.0,0,3,False,False,0,4.684462696783025,14.16647080380724,曇り・雨,2.43,0.0,4.81
2023-06-09,46672.0,6.4,1,4,False,False,0,4.687200547570157,14.176024174245576,晴れ,5.430000000000001,9.1,21.85
2023-06-10,20596.0,3.7,0,5,True,False,1,4.689938398357289,14.184853054933804,薄曇り〜曇り,6.44,5.7,14.15
2023-06-11,29587.0,3.6,1,6,True,False,1,4.692676249144422,14.19295149164129,薄曇り〜曇り,6.34,5.7,17.1
2023-06-12,46294.0,8.6,0,0,False,False,0,4.695414099931554,14.200313987451876,晴れ,7.63,9.1,20.95
2023-06-13,34335.0,3.9,0,1,False,False,0,4.698151950718686,14.20693551550919,薄曇り〜曇り,6.640000000000001,5.7,14.39
2023-06-14,22494.0,0.6,0,2,False,False,0,4.700889801505818,14.212811530775161,曇り・雨,3.0300000000000002,0.0,9.55
2023-06-15,51999.0,10.3,1,3,False,False,0,4.70362765229295,14.217937980746093,晴れ,9.33,9.1,26.02
2023-06-16,65232.0,12.9,1,4,False,False,0,4.706365503080082,14.222311315075144,快晴,7.6000000000000005,9.1,28.56
2023-06-17,54413.0,11.4,1,5,True,False,1,4.7091033538672145,14.225928494054779,快晴,6.1000000000000005,9.1,26.72
2023-06-18,26988.0,2.6,0,6,True,False,1,4.7118412046543465,14.228786995918016,曇り・雨,5.03,0.0,14.47
2023-06-19,73376.0,10.0,1,0,False,False,0,4.714579055441479,14.23088482292273,晴れ,9.03,9.1,27.26
2023-06-20,59513.0,7.7,0,1,False,False,0,4.717316906228611,14.232220506189085,晴れ,6.73,9.1,23.67
2023-06-21,14794.0,0.8,0,2,False,False,0,4.720054757015743,14.232793109266195,曇り・雨,3.2300000000000004,0.0,9.32
2023-06-22,61219.0,7.8,0,3,False,False,0,4.722792607802875,14.232602230410311,晴れ,6.83,9.1,23.95
2023-06-23,47726.0,8.2,0,4,False,False,0,4.725530458590007,14.23164800356321,晴れ,7.2299999999999995,9.1,22.48
2023-06-24,46188.0,4.2,0,5,True,False,1,4.728268309377139,14.22993109802594,薄曇り〜曇り,6.94,5.7,19.3
2023-06-25,20111.0,0.3,0,6,True,False,1,4.731006160164271,14.227452716829506,曇り・雨,2.73,0.0,10.68
2023-06-26,41349.0,1.4,0,0,False,False,0,4.733744010951403,14.224214593810629,曇り・雨,3.83,0.0,12.84
2023-06-27,54459.0,1.2,0,1,False,False,0,4.736481861738535,14.220218989407106,曇り・雨,3.63,0.0,13.24
2023-06-28,33621.0,1.8,0,2,False,False,0,4.739219712525667,14.215468685193562,曇り・雨,4.23,0.0,8.79
2023-06-29,37455.0,1.9,0,3,False,False,0,4.741957563312799,14.209966977184571,曇り・雨,4.33,0.0,12.36
2023-06-30,15276.0,0.1,0,4,False,False,0,4.744695414099931,14.203717667937985,曇り・雨,2.5300000000000002,0.0,4.01
2023-07-01,12058.0,0.1,0,5,True,False,1,4.747433264887063,14.196725057497,曇り・雨,2.5300000000000002,0.0,9.55
2023-07-02,42989.0,6.5,0,6,True,False,1,4.7501711156741955,14.188993933214745,晴れ,5.53,9.1,19.08
2023-07-03,17482.0,3.5,0,0,False,False,0,4.7529089664613275,14.180529558510328,薄曇り〜曇り,6.24,5.7,15.19
2023-07-04,34450.0,1.9,0,1,False,False,0,4.75564681724846,14.171337660609705,曇り・雨,4.33,0.0,13.79
2023-07-05,15982.0,3.4,0,2,False,False,0,4.758384668035592,14.161424417329062,薄曇り〜曇り,6.140000000000001,5.7,8.03
2023-07-06,62542.0,12.1,0,3,False,False,0,4.761122518822724,14.15079644296216,快晴,6.8,9.1,26.56
2023-07-07,22792.0,0.5,0,4,False,False,0,4.763860369609857,14.139460773336346,曇り・雨,2.93,0.0,5.6
2023-07-08,21922.0,0.1,0,5,True,False,1,4.766598220396989,14.127424850104802,曇り・雨,2.5300000000000002,0.0,3.32
2023-07-09,22616.0,0.3,0,6,True,False,1,4.769336071184121,14.114696504345009,曇り・雨,2.73,0.0,5.21
2023-07-10,35019.0,2.7,0,0,False,False,0,4.772073921971253,14.101283939535145,曇り・雨,5.130000000000001,0.0,8.57
2023-07-11,57518.0,9.7,0,1,False,False,0,4.774811772758385,14.08719571398165,晴れ,8.729999999999999,9.1,25.2
2023-07-12,33535.0,3.7,0,2,False,False,0,4.777549623545517,14.072440722772015,薄曇り〜曇り,6.44,5.7,13.12
2023-07-13,46939.0,2.8,0,3,False,False,0,4.780287474332649,14.05702817932723,曇り・雨,5.23,0.0,14.57
2023-07-14,27977.0,0.0,0,4,False,False,0,4.783025325119781,14.040967596628356,曇り・雨,2.43,0.0,5.73
2023-07-15,49642.0,7.0,0,5,True,False,1,4.785763175906913,14.024268768191197,晴れ,6.03,9.1,18.03
2023-07-16,66086.0,10.5,0,6,True,False,1,4.788501026694045,14.006941748861998,晴れ,9.53,9.1,25.1
2023-07-17,64543.0,10.4,0,0,False,True,1,4.791238877481177,13.98899683550596,晴れ,9.43,9.1,24.13
2023-07-18,58267.0,5.9,0,1,False,False,0,4.7939767282683095,13.970444547658545,晴れ,4.930000000000001,9.1,18.82
2023-07-19,35337.0,1.7,0,2,False,False,0,4.7967145790554415,13.951295608207523,曇り・雨,4.13,0.0,12.69
2023-07-20,39950.0,3.3,0,3,False,False,0,4.799452429842574,13.931560924171414,薄曇り〜曇り,6.04,5.7,18.07
2023-07-21,42574.0,8.9,0,4,False,False,0,4.802190280629706,13.911251567637255,晴れ,7.930000000000001,9.1,25.26
2023-07-22,46041.0,3.3,0,5,True,False,1,4.804928131416838,13.89037875691781,薄曇り〜曇り,6.04,5.7,14.53
2023-07-23,53726.0,4.6,0,6,True,False,1,4.80766598220397,13.868953837985188,薄曇り〜曇り,7.34,5.7,17.83
2023-07-24,48198.0,5.0,0,0,False,False,0,4.810403832991102,13.846988266234568,薄曇り〜曇り,7.74,5.7,16.16
2023-07-25,51123.0,7.3,0,1,False,False,0,4.813141683778234,13.824493588628266,晴れ,6.33,9.1,18.83
2023-07-26,62423.0,12.5,0,2,False,False,0,4.815879534565366,13.801481426266877,快晴,7.2,9.1,26.51
2023-07-27,60197.0,9.3,0,3,False,False,0,4.818617385352498,13.777963457430513,晴れ,8.33,9.1,23.68
2023-07-28,62110.0,10.8,0,4,False,False,0,4.82135523613963,13.75395140112952,晴れ,9.83,9.1,23.44
2023-07-29,60390.0,8.1,0,5,True,False,1,4.824093086926762,13.729457001200323,晴れ,7.13,9.1,21.39
2023-07-30,49754.0,11.0,0,6,True,False,1,4.826830937713894,13.704492010978322,快晴,5.7,9.1,23.98
2023-07-31,38635.0,3.9,0,0,False,False,0,4.829568788501026,13.67906817857606,薄曇り〜曇り,6.640000000000001,5.7,18.04
2023-08-01,55000.0,8.0,0,1,False,False,0,4.832306639288158,13.653197232791292,晴れ,7.03,9.1,24.15
2023-08-02,52722.0,9.1,0,2,False,False,0,4.8350444900752905,13.626890869665981,晴れ,8.129999999999999,9.1,20.97
2023-08-03,54436.0,10.0,0,3,False,False,0,4.837782340862423,13.600160739713779,晴れ,9.03,9.1,24.45
2023-08-04,57549.0,10.1,0,4,False,False,0,4.8405201916495555,13.573018435830209,晴れ,9.129999999999999,9.1,24.29
2023-08-05,49433.0,12.3,0,5,True,False,1,4.843258042436688,13.54547548189653,快晴,7.000000000000001,9.1,25.67
2023-08-06,45759.0,11.4,0,6,True,False,1,4.84599589322382,13.517543322085114,快晴,6.1000000000000005,9.1,23.47
2023-08-07,39123.0,5.9,0,0,False,False,0,4.848733744010952,13.48923331087133,晴れ,4.930000000000001,9.1,17.78
2023-08-08,25811.0,3.3,0,1,False,False,0,4.851471594798084,13.46055670375401,薄曇り〜曇り,6.04,5.7,15.69
2023-08-09,10906.0,0.3,0,2,False,False,0,4.854209445585216,13.431524648684064,曇り・雨,2.73,0.0,7.02
2023-08-10,31963.0,3.2,0,3,False,False,0,4.856947296372348,13.40214817819824,薄曇り〜曇り,5.94,5.7,13.93
2023-08-11,59457.0,11.8,0,4,False,True,1,4.85968514715948,13.372438202252882,快晴,6.500000000000001,9.1,24.63
2023-08-12,56865.0,7.6,0,5,True,False,1,4.862422997946612,13.342405501750308,晴れ,6.63,9.1,19.28
2023-08-13,57639.0,10.6,1,6,True,False,1,4.865160848733744,13.312060722748557,晴れ,9.629999999999999,9.1,24.62
2023-08-14,64481.0,11.3,0,0,False,False,0,4.867898699520876,13.281414371343528,快晴,6.000000000000001,9.1,26.42
2023-08-15,41419.0,0.9,0,1,False,False,0,4.870636550308008,13.25047680921085,曇り・雨,3.33,0.0,9.71
2023-08-16,48252.0,4.9,0,2,False,False,0,4.87337440109514,13.219258249793521,薄曇り〜曇り,7.640000000000001,5.7,18.77
2023-08-17,33103.0,1.1,0,3,False,False,0,4.876112251882272,13.187768755120002,曇り・雨,3.5300000000000002,0.0,12.68
2023-08-18,24472.0,2.6,0,4,False,False,0,4.878850102669404,13.156018233236434,曇り・雨,5.03,0.0,14.2
2023-08-19,51278.0,10.1,0,5,True,False,1,4.8815879534565365,13.1240164362356,晴れ,9.129999999999999,9.1,22.44
2023-08-20,58211.0,8.2,0,6,True,False,1,4.884325804243669,13.09177295886456,晴れ,7.2299999999999995,9.1,23.46
2023-08-21,55743.0,9.9,0,0,False,False,0,4.887063655030801,13.059297237692153,晴れ,8.93,9.1,22.77
2023-08-22,56947.0,10.6,0,1,False,False,0,4.889801505817933,13.026598550817024,快晴,5.3,9.1,21.25
2023-08-23,32060.0,2.7,0,2,False,False,0,4.892539356605065,12.993686018096447,薄曇り〜曇り,5.44,5.7,14.15
2023-08-24,43745.0,7.6,0,3,False,False,0,4.895277207392197,12.960568601875877,晴れ,6.63,9.1,22.63
2023-08-25,33549.0,3.5,0,4,False,False,0,4.898015058179329,12.927255108198995,薄曇り〜曇り,6.24,5.7,13.36
2023-08-26,54731.0,8.8,0,5,True,False,1,4.900752908966461,12.89375418847788,晴れ,7.830000000000001,9.1,22.37
2023-08-27,55100.0,7.9,0,6,True,False,1,4.903490759753593,12.860074341602939,晴れ,6.930000000000001,9.1,18.47
2023-08-28,57737.0,9.9,0,0,False,False,0,4.906228610540725,12.82622391647227,晴れ,8.93,9.1,18.69
2023-08-29,57573.0,12.2,0,1,False,False,0,4.908966461327857,12.792211114920267,快晴,6.8999999999999995,9.1,25.11
2023-08-30,34098.0,5.5,0,2,False,False,0,4.91170431211499,12.75804399502553,晴れ,4.53,9.1,14.81
2023-08-31,22434.0,2.8,0,3,False,False,0,4.914442162902122,12.72373047477822,薄曇り〜曇り,5.54,5.7,10.09
2023-09-01,17924.0,0.0,0,4,False,False,0,4.917180013689254,12.689278336087558,曇り・雨,2.43,0.0,3.27
2023-09-02,35264.0,0.6,0,5,True,False,1,4.919917864476386,12.654695229110223,曇り・雨,3.0300000000000002,0.0,9.96
2023-09-03,56718.0,8.0,1,6,True,False,1,4.922655715263518,12.619988676880961,晴れ,7.03,9.1,20.92
2023-09-04,64403.0,11.2,0,0,False,False,0,4.9253935660506505,12.58516608022704,快晴,5.8999999999999995,9.1,23.87
2023-09-05,35541.0,1.8,0,1,False,False,0,4.9281314168377826,12.550234722948602,曇り・雨,4.23,0.0,5.65
2023-09-06,45745.0,3.5,0,2,False,False,0,4.930869267624915,12.515201777247361,薄曇り〜曇り,6.24,5.7,11.42
2023-09-07,64798.0,10.5,0,3,False,False,0,4.933607118412047,12.48007430938661,快晴,5.2,9.1,23.03
2023-09-08,52769.0,10.8,0,4,False,False,0,4.936344969199179,12.44485928556582,快晴,5.500000000000001,9.1,22.44
2023-09-09,57135.0,10.1,1,5,True,False,1,4.939082819986311,12.409563577993655,快晴,4.8,9.1,22.86
2023-09-10,49018.0,9.3,1,6,True,False,1,4.941820670773443,12.374193971143582,晴れ,8.33,9.1,21.1
2023-09-11,53839.0,10.8,0,0,False,False,0,4.944558521560575,12.33875716817668,快晴,5.500000000000001,9.1,21.43
2023-09-12,50603.0,8.2,0,1,False,False,0,4.947296372347707,12.30325979751669,晴れ,7.2299999999999995,9.1,20.28
2023-09-13,35068.0,3.6,0,2,False,False,0,4.950034223134839,12.267708419562661,薄曇り〜曇り,6.34,5.7,14.44
2023-09-14,19083.0,0.1,0,3,False,False,0,4.952772073921971,12.232109533524966,曇り・雨,2.5300000000000002,0.0,4.49
2023-09-15,40338.0,1.7,0,4,False,False,0,4.955509924709103,12.19646958437075,曇り・雨,4.13,0.0,4.98
2023-09-16,51524.0,7.0,0,5,True,False,1,4.958247775496235,12.160794969865195,晴れ,6.03,9.1,16.12
2023-09-17,36807.0,0.0,0,6,True,False,1,4.960985626283367,12.125092047695267,曇り・雨,2.43,0.0,3.39
2023-09-18,41702.0,5.2,0,0,False,True,1,4.963723477070499,12.08936714266281,晴れ,4.23,9.1,14.44
2023-09-19,46015.0,4.6,0,1,False,False,0,4.9664613278576315,12.053626553934135,薄曇り〜曇り,7.34,5.7,13.93
2023-09-20,44835.0,3.6,0,2,False,False,0,4.969199178644764,12.01787656233332,薄曇り〜曇り,6.34,5.7,12.6
2023-09-21,33408.0,5.6,0,3,False,False,0,4.971937029431896,11.98212343766668,晴れ,4.63,9.1,15.7
2023-09-22,31743.0,0.0,0,4,False,False,0,4.974674880219028,11.946373446065865,曇り・雨,2.43,0.0,5.11
2023-09-23,39952.0,3.0,1,5,True,True,1,4.97741273100616,11.91063285733719,薄曇り〜曇り,5.74,5.7,13.31
2023-09-24,40953.0,11.2,1,6,True,False,1,4.980150581793292,11.874907952304735,快晴,5.8999999999999995,9.1,21.98
2023-09-25,36633.0,9.6,0,0,False,False,0,4.982888432580425,11.839205030134805,快晴,4.3,9.1,18.97
2023-09-26,39430.0,3.3,0,1,False,False,0,4.985626283367557,11.803530415629252,薄曇り〜曇り,6.04,5.7,10.17
2023-09-27,48790.0,6.9,0,2,False,False,0,4.988364134154689,11.767890466475032,晴れ,5.930000000000001,9.1,16.95
2023-09-28,45303.0,7.3,0,3,False,False,0,4.991101984941821,11.732291580437339,晴れ,6.33,9.1,16.9
2023-09-29,55256.0,10.3,0,4,False,False,0,4.993839835728953,11.696740202483312,快晴,5.000000000000001,9.1,19.83
2023-09-30,48406.0,5.6,1,5,True,False,1,4.996577686516085,11.661242831823321,晴れ,4.63,9.1,13.28
2023-10-01,35917.0,7.0,1,6,True,False,1,4.999315537303217,11.62580602885642,晴れ,6.03,9.1,16.44
2023-10-02,52958.0,8.3,1,0,False,False,0,5.002053388090349,11.590436422006345,晴れ,7.330000000000001,9.1,19.3
2023-10-03,38185.0,0.0,0,1,False,False,0,5.004791238877481,11.555140714434181,曇り・雨,2.43,0.0,7.55
2023-10-04,43786.0,7.8,0,2,False,False,0,5.007529089664613,11.519925690613391,晴れ,6.83,9.1,17.65
2023-10-05,38883.0,4.7,0,3,False,False,0,5.0102669404517455,11.48479822275264,晴れ,3.7300000000000004,9.1,13.38
2023-10-06,46638.0,3.7,1,4,False,False,0,5.0130047912388775,11.4497652770514,薄曇り〜曇り,6.44,5.7,13.95
2023-10-07,30363.0,0.3,1,5,True,False,1,5.01574264202601,11.41483391977296,曇り・雨,2.73,0.0,7.34
2023-10-08,6989.0,0.0,0,6,True,False,1,5.018480492813142,11.38001132311904,曇り・雨,2.43,0.0,2.94
2023-10-09,25161.0,0.3,0,0,False,True,1,5.021218343600274,11.345304770889777,曇り・雨,2.73,0.0,7.89
2023-10-10,49299.0,5.9,1,1,False,False,0,5.023956194387406,11.310721663912442,晴れ,4.930000000000001,9.1,15.34
2023-10-11,46670.0,9.5,1,2,False,False,0,5.026694045174538,11.276269525221782,快晴,4.2,9.1,18.16
2023-10-12,50516.0,10.5,1,3,False,False,0,5.02943189596167,11.241956004974472,快晴,5.2,9.1,18.91
2023-10-13,38940.0,8.9,1,4,False,False,0,5.032169746748802,11.207788885079731,晴れ,7.930000000000001,9.1,17.36
2023-10-14,27013.0,2.8,0,5,True,False,1,5.034907597535934,11.173776083527732,薄曇り〜曇り,5.54,5.7,12.12
2023-10-15,38556.0,7.0,1,6,True,False,1,5.037645448323066,11.13992565839706,晴れ,6.03,9.1,15.39
2023-10-16,47625.0,9.9,1,0,False,False,0,5.040383299110198,11.106245811522118,快晴,4.6000000000000005,9.1,18.62
2023-10-17,49043.0,7.4,1,1,False,False,0,5.04312114989733,11.072744891801005,晴れ,6.430000000000001,9.1,15.03
2023-10-18,52183.0,10.4,1,2,False,False,0,5.045859000684462,11.039431398124123,快晴,5.1000000000000005,9.1,18.41
2023-10-19,51155.0,8.1,1,3,False,False,0,5.048596851471594,11.006313981903551,晴れ,7.13,9.1,16.16
2023-10-20,12350.0,2.7,0,4,False,False,0,5.0513347022587265,10.973401449182974,薄曇り〜曇り,5.44,5.7,4.42
2023-10-21,40158.0,9.6,1,5,True,False,1,5.054072553045859,10.940702762307847,快晴,4.3,9.1,18.3
2023-10-22,36397.0,10.3,1,6,True,False,1,5.0568104038329915,10.90822704113544,快晴,5.000000000000001,9.1,18.09
2023-10-23,48484.0,8.7,1,0,False,False,0,5.059548254620124,10.8759835637644,晴れ,7.7299999999999995,9.1,15.79
2023-10-24,45823.0,8.8,1,1,False,False,0,5.062286105407256,10.843981766763564,快晴,3.500000000000001,9.1,16.02
2023-10-25,48609.0,10.4,1,2,False,False,0,5.065023956194388,10.812231244879996,快晴,5.1000000000000005,9.1,17.18
2023-10-26,47511.0,9.5,1,3,False,False,0,5.06776180698152,10.78074175020648,快晴,4.2,9.1,14.51
2023-10-27,38004.0,6.5,1,4,False,False,0,5.070499657768652,10.74952319078915,晴れ,5.53,9.1,13.36
2023-10-28,38852.0,6.4,1,5,True,False,1,5.073237508555784,10.718585628656472,晴れ,5.430000000000001,9.1,12.31
2023-10-29,35071.0,5.2,1,6,True,False,1,5.075975359342916,10.687939277251441,晴れ,4.23,9.1,11.81
2023-10-30,44598.0,10.0,1,0,False,False,0,5.078713210130048,10.657594498249694,快晴,4.7,9.1,17.12
2023-10-31,45567.0,9.9,1,1,False,False,0,5.08145106091718,10.627561797747116,快晴,4.6000000000000005,9.1,16.12
2023-11-01,43865.0,9.9,1,2,False,False,0,5.084188911704312,10.597851821801761,快晴,4.6000000000000005,9.1,15.85
2023-11-02,46085.0,9.9,1,3,False,False,0,5.086926762491444,10.568475351315936,快晴,4.6000000000000005,9.1,15.89
2023-11-03,40107.0,9.6,1,4,False,True,1,5.089664613278576,10.53944329624599,快晴,4.3,9.1,15.39
2023-11-04,35240.0,1.5,1,5,True,False,1,5.092402464065708,10.510766689128673,曇り・雨,3.93,0.0,7.6
2023-11-05,37262.0,8.6,1,6,True,False,1,5.0951403148528405,10.482456677914888,快晴,3.3,9.1,14.66
2023-11-06,11597.0,0.0,0,0,False,False,0,5.0978781656399725,10.45452451810347,曇り・雨,2.43,0.0,1.19
2023-11-07,43145.0,6.5,1,1,False,False,0,5.100616016427105,10.42698156416979,晴れ,5.53,9.1,13.15
2023-11-08,43590.0,9.5,1,2,False,False,0,5.103353867214237,10.399839260286221,快晴,4.2,9.1,15.7
2023-11-09,30143.0,2.8,0,3,False,False,0,5.106091718001369,10.373109130334019,薄曇り〜曇り,5.54,5.7,9.02
2023-11-10,9227.0,0.0,0,4,False,False,0,5.108829568788501,10.346802767208708,曇り・雨,2.43,0.0,2.16
2023-11-11,36406.0,4.5,1,5,True,False,1,5.111567419575633,10.320931821423939,晴れ,3.5300000000000002,9.1,9.93
2023-11-12,21471.0,1.6,0,6,True,False,1,5.114305270362765,10.295507989021678,曇り・雨,4.03,0.0,3.42
2023-11-13,39978.0,4.1,0,0,False,False,0,5.117043121149897,10.270542998799677,薄曇り〜曇り,6.84,5.7,10.87
2023-11-14,45101.0,6.3,0,1,False,False,0,5.119780971937029,10.24604859887048,晴れ,5.33,9.1,12.77
2023-11-15,38843.0,4.5,0,2,False,False,0,5.122518822724161,10.222036542569487,晴れ,3.5300000000000002,9.1,8.68
2023-11-16,20407.0,0.1,0,3,False,False,0,5.125256673511293,10.198518573733121,曇り・雨,2.5300000000000002,0.0,4.81
2023-11-17,22876.0,0.9,0,4,False,False,0,5.127994524298426,10.175506411371734,曇り・雨,3.33,0.0,4.71
2023-11-18,36206.0,5.0,0,5,True,False,1,5.130732375085558,10.153011733765432,晴れ,4.03,9.1,10.25
2023-11-19,37909.0,4.9,1,6,True,False,1,5.13347022587269,10.13104616201481,晴れ,3.9300000000000006,9.1,9.68
2023-11-20,39217.0,9.2,1,0,False,False,0,5.136208076659822,10.109621243082191,快晴,3.8999999999999995,9.1,13.71
2023-11-21,40086.0,9.3,1,1,False,False,0,5.138945927446954,10.088748432362745,快晴,4.000000000000001,9.1,14.0
2023-11-22,37749.0,7.2,1,2,False,False,0,5.1416837782340865,10.068439075828586,晴れ,6.23,9.1,11.99
2023-11-23,35248.0,6.9,1,3,False,True,1,5.144421629021219,10.048704391792477,晴れ,5.930000000000001,9.1,11.37
2023-11-24,29410.0,2.5,0,4,False,False,0,5.147159479808351,10.029555452341455,薄曇り〜曇り,5.24,5.7,5.09
2023-11-25,42297.0,4.9,1,5,True,False,1,5.149897330595483,10.01100316449404,晴れ,3.9300000000000006,9.1,9.86
2023-11-26,36091.0,8.6,1,6,True,False,1,5.152635181382615,9.993058251138,快晴,3.3,9.1,13.14
2023-11-27,34843.0,3.7,0,0,False,False,0,5.155373032169747,9.975731231808803,薄曇り〜曇り,6.44,5.7,8.95
2023-11-28,32637.0,3.9,0,1,False,False,0,5.158110882956879,9.959032403371644,薄曇り〜曇り,6.640000000000001,5.7,6.69
2023-11-29,27638.0,1.9,0,2,False,False,0,5.160848733744011,9.942971820672772,曇り・雨,4.33,0.0,5.73
2023-11-30,15032.0,0.0,0,3,False,False,0,5.163586584531143,9.927559277227983,曇り・雨,2.43,0.0,1.86
2023-12-01,17827.0,0.3,0,4,False,False,0,5.166324435318275,9.912804286018348,曇り・雨,2.73,0.0,3.22
2023-12-02,42119.0,7.0,1,5,True,False,1,5.169062286105407,9.898716060464855,晴れ,6.03,9.1,11.17
2023-12-03,29157.0,2.0,0,6,True,False,1,5.171800136892539,9.88530349565499,薄曇り〜曇り,4.74,5.7,5.59
2023-12-04,40273.0,7.9,0,0,False,False,0,5.174537987679671,9.872575149895196,快晴,2.6000000000000005,9.1,12.32
2023-12-05,16469.0,3.8,0,1,False,False,0,5.177275838466803,9.860539226663656,薄曇り〜曇り,6.54,5.7,8.18
2023-12-06,29252.0,4.2,0,2,False,False,0,5.1800136892539355,9.849203557037837,晴れ,3.2300000000000004,9.1,8.56
2023-12-07,40211.0,8.4,0,3,False,False,0,5.1827515400410675,9.838575582670936,快晴,3.1000000000000005,9.1,12.56
2023-12-08,42595.0,9.0,0,4,False,False,0,5.1854893908282,9.828662339390293,快晴,3.7,9.1,12.72
2023-12-09,24656.0,7.2,0,5,True,False,1,5.188227241615332,9.81947044148967,晴れ,6.23,9.1,10.45
2023-12-10,35420.0,8.5,1,6,True,False,1,5.190965092402464,9.811006066785255,快晴,3.2,9.1,12.1
2023-12-11,6314.0,0.0,0,0,False,False,0,5.193702943189596,9.803274942503,曇り・雨,2.43,0.0,2.29
2023-12-12,12279.0,0.0,0,1,False,False,0,5.196440793976728,9.796282332062013,曇り・雨,2.43,0.0,1.45
2023-12-13,41271.0,8.9,1,2,False,False,0,5.19917864476386,9.790033022815427,快晴,3.6000000000000005,9.1,12.71
2023-12-14,13975.0,0.5,0,3,False,False,0,5.201916495550993,9.784531314806436,曇り・雨,2.93,0.0,2.15
2023-12-15,15700.0,0.7,0,4,False,False,0,5.204654346338125,9.779781010592892,曇り・雨,3.13,0.0,4.2
2023-12-16,5574.0,0.0,0,5,True,False,1,5.207392197125257,9.77578540618937,曇り・雨,2.43,0.0,0.77
2023-12-17,22493.0,1.6,0,6,True,False,1,5.210130047912389,9.772547283170494,曇り・雨,4.03,0.0,3.77
2023-12-18,24550.0,0.0,0,0,False,False,0,5.212867898699521,9.770068901974058,曇り・雨,2.43,0.0,1.53
2023-12-19,5553.0,0.0,0,1,False,False,0,5.215605749486653,9.768351996436788,曇り・雨,2.43,0.0,2.3
2023-12-20,16444.0,1.0,0,2,False,False,0,5.218343600273785,9.767397769589689,曇り・雨,3.43,0.0,4.26
2023-12-21,16847.0,0.0,0,3,False,False,0,5.221081451060917,9.767206890733803,曇り・雨,2.43,0.0,1.52
2023-12-22,24120.0,3.7,0,4,False,False,0,5.223819301848049,9.767779493810915,薄曇り〜曇り,6.44,5.7,7.13
2023-12-23,28533.0,1.1,0,5,True,False,1,5.2265571526351815,9.76911517707727,曇り・雨,3.5300000000000002,0.0,4.75
2023-12-24,25899.0,0.3,0,6,True,False,1,5.229295003422314,9.771213004081984,曇り・雨,2.73,0.0,2.84
2023-12-25,23160.0,0.6,0,0,False,False,0,5.232032854209446,9.77407150594522,曇り・雨,3.0300000000000002,0.0,3.35
2023-12-26,26304.0,0.3,0,1,False,False,0,5.234770704996578,9.777688684924854,曇り・雨,2.73,0.0,2.67
2023-12-27,39458.0,8.6,0,2,False,False,0,5.23750855578371,9.782062019253905,快晴,3.3,9.1,11.53
2023-12-28,33590.0,4.9,0,3,False,False,0,5.240246406570842,9.787188469224839,晴れ,3.9300000000000006,9.1,9.01
2023-12-29,39355.0,8.0,0,4,False,False,0,5.242984257357974,9.79306448449081,快晴,2.7,9.1,10.73
2023-12-30,22365.0,5.3,0,5,True,False,1,5.245722108145106,9.799686012548124,晴れ,4.33,9.1,8.64
2023-12-31,23229.0,2.0,0,6,True,False,1,5.248459958932238,9.80704850835871,薄曇り〜曇り,4.74,5.7,5.06
2024-01-01,32285.0,1.5,1,0,False,True,1,5.25119780971937,9.815146945066195,曇り・雨,3.93,0.0,5.56
2024-01-02,37990.0,6.0,1,1,False,False,0,5.253935660506502,9.823975825754422,晴れ,5.03,9.1,11.05
2024-01-03,7750.0,0.2,0,2,False,False,0,5.256673511293634,9.833529196192758,曇り・雨,2.6300000000000003,0.0,1.83
2024-01-04,43795.0,7.7,0,3,False,False,0,5.259411362080766,9.843800658508634,晴れ,6.73,9.1,11.61
2024-01-05,38355.0,4.1,0,4,False,False,0,5.262149212867898,9.854783385724152,晴れ,3.13,9.1,8.39
2024-01-06,23275.0,4.0,0,5,True,False,1,5.2648870636550305,9.866470137090555,晴れ,3.0300000000000002,9.1,7.96
2024-01-07,25340.0,3.5,0,6,True,False,1,5.2676249144421625,9.878853274151734,薄曇り〜曇り,6.24,5.7,7.78
2024-01-08,44505.0,6.7,0,0,False,True,1,5.270362765229295,9.891924777465883,晴れ,5.73,9.1,11.78
2024-01-09,33250.0,4.3,0,1,False,False,0,5.2731006160164275,9.90567626391272,晴れ,3.33,9.1,9.45
2024-01-10,18305.0,1.5,0,2,False,False,0,5.27583846680356,9.92009900451261,曇り・雨,3.93,0.0,4.68
2024-01-11,39050.0,5.5,0,3,False,False,0,5.278576317590692,9.935183942683263,晴れ,4.53,9.1,9.68
2024-01-12,26665.0,0.9,0,4,False,False,0,5.281314168377824,9.950921712859504,曇り・雨,3.33,0.0,4.62
2024-01-13,45190.0,9.1,1,5,True,False,1,5.284052019164956,9.96730265940185,快晴,3.8,9.1,13.16
2024-01-14,44830.0,9.1,1,6,True,False,1,5.286789869952088,9.984316855720381,快晴,3.8,9.1,13.73
2024-01-15,36575.0,5.0,0,0,False,False,0,5.28952772073922,10.001954123541493,晴れ,4.03,9.1,10.24
2024-01-16,45590.0,6.3,0,1,False,False,0,5.292265571526352,10.020204052246623,晴れ,5.33,9.1,11.34
2024-01-17,42140.0,5.0,0,2,False,False,0,5.295003422313484,10.039056018213923,晴れ,4.03,9.1,10.85
2024-01-18,12000.0,0.3,0,3,False,False,0,5.297741273100616,10.058499204096071,曇り・雨,2.73,0.0,2.6
2024-01-19,11550.0,0.0,0,4,False,False,0,5.300479123887748,10.07852261796985,曇り・雨,2.43,0.0,3.21
2024-01-20,14950.0,0.0,0,5,True,False,1,5.30321697467488,10.099115112295992,曇り・雨,2.43,0.0,1.48
2024-01-21,28545.0,1.4,0,6,True,False,1,5.305954825462012,10.120265402630674,曇り・雨,3.83,0.0,6.26
2024-01-22,16645.0,1.3,0,0,False,False,0,5.308692676249144,10.14196208603335,曇り・雨,3.7300000000000004,0.0,5.01
2024-01-23,22400.0,1.0,0,1,False,False,0,5.3114305270362765,10.164193659118924,曇り・雨,3.43,0.0,5.18
2024-01-24,24565.0,3.8,0,2,False,False,0,5.314168377823409,10.186948535705747,薄曇り〜曇り,6.54,5.7,9.28
2024-01-25,41005.0,7.4,0,3,False,False,0,5.316906228610541,10.210215064014584,晴れ,6.430000000000001,9.1,12.97
2024-01-26,48415.0,6.8,0,4,False,False,0,5.319644079397673,10.233981543377325,晴れ,5.83,9.1,10.85
2024-01-27,41270.0,2.1,0,5,True,False,1,5.322381930184805,10.258236240417924,薄曇り〜曇り,4.84,5.7,5.55
2024-01-28,26700.0,1.3,0,6,True,False,1,5.325119780971937,10.28296740467179,曇り・雨,3.7300000000000004,0.0,3.35
2024-01-29,48600.0,6.4,0,0,False,False,0,5.327857631759069,10.308163283613561,晴れ,5.430000000000001,9.1,11.84
2024-01-30,22835.0,2.8,0,1,False,False,0,5.330595482546201,10.333812137066827,薄曇り〜曇り,5.54,5.7,7.62
2024-01-31,15075.0,0.0,0,2,False,False,0,5.333333333333333,10.35990225097301,曇り・雨,2.43,0.0,2.43
2024-02-01,5935.0,0.0,0,3,False,False,0,5.336071184120465,10.386421950500111,曇り・雨,2.43,0.0,1.9
2024-02-02,18865.0,5.3,0,4,False,False,0,5.338809034907597,10.413359612475453,晴れ,4.33,9.1,11.05
2024-02-03,9795.0,0.0,0,5,True,False,1,5.341546885694729,10.440703677129822,曇り・雨,2.43,0.0,2.65
2024-02-04,17065.0,2.9,0,6,True,False,1,5.344284736481861,10.468442659143651,薄曇り〜曇り,5.640000000000001,5.7,9.22
2024-02-05,12270.0,0.0,0,0,False,False,0,5.347022587268994,10.496565157988822,曇り・雨,2.43,0.0,2.25
2024-02-06,38745.0,3.7,0,1,False,False,0,5.349760438056126,10.52505986756259,薄曇り〜曇り,6.44,5.7,10.44
2024-02-07,27005.0,0.1,0,2,False,False,0,5.352498288843258,10.553915585112831,曇り・雨,2.5300000000000002,0.0,3.93
2024-02-08,41350.0,6.9,0,3,False,False,0,5.3552361396303905,10.583121219456336,晴れ,5.930000000000001,9.1,13.57
2024-02-09,39360.0,4.5,0,4,False,False,0,5.3579739904175225,10.61266579849426,晴れ,3.5300000000000002,9.1,10.01
2024-02-10,40825.0,6.6,1,5,True,False,1,5.360711841204655,10.64253847603102,晴れ,5.63,9.1,13.63
2024-02-11,37110.0,6.3,1,6,True,True,1,5.363449691991787,10.672728537904959,晴れ,5.33,9.1,13.45
2024-02-12,45785.0,9.2,1,0,False,True,1,5.366187542778919,10.703225407440916,快晴,3.8999999999999995,9.1,16.6
2024-02-13,47185.0,8.3,1,1,False,False,0,5.368925393566051,10.734018650236571,晴れ,7.330000000000001,9.1,15.69
2024-02-14,24495.0,1.1,0,2,False,False,0,5.371663244353183,10.765097978295838,曇り・雨,3.5300000000000002,0.0,6.87
2024-02-15,27680.0,1.7,0,3,False,False,0,5.374401095140315,10.796453253524026,曇り・雨,4.13,0.0,5.9
2024-02-16,38415.0,2.7,0,4,False,False,0,5.377138945927447,10.828074490600576,薄曇り〜曇り,5.44,5.7,10.59
2024-02-17,47910.0,10.4,1,5,True,False,1,5.379876796714579,10.859951859246248,快晴,5.1000000000000005,9.1,18.67
2024-02-18,37615.0,8.9,1,6,True,False,1,5.382614647501711,10.892075685902512,快晴,3.6000000000000005,9.1,16.83
2024-02-19,10420.0,1.6,0,0,False,False,0,5.385352498288843,10.924436454841596,曇り・雨,4.03,0.0,3.46
2024-02-20,21220.0,0.0,0,1,False,False,0,5.388090349075975,10.95702480872628,曇り・雨,2.43,0.0,2.74
2024-02-21,6105.0,0.0,0,2,False,False,0,5.390828199863107,10.989831548638971,曇り・雨,2.43,0.0,2.34
2024-02-22,9560.0,0.0,0,3,False,False,0,5.393566050650239,11.022847633600014,曇り・雨,2.43,0.0,1.63
2024-02-23,12910.0,0.4,0,4,False,True,1,5.3963039014373715,11.056064179595328,曇り・雨,2.83,0.0,6.44
2024-02-24,33475.0,6.8,0,5,True,False,1,5.3990417522245036,11.089472458133766,晴れ,5.83,9.1,16.16
2024-02-25,30590.0,4.0,1,6,True,False,1,5.401779603011636,11.123063894354518,薄曇り〜曇り,6.74,5.7,12.72
2024-02-26,43560.0,2.4,0,0,False,False,0,5.404517453798768,11.156830064704923,薄曇り〜曇り,5.140000000000001,5.7,9.18
2024-02-27,49360.0,2.2,0,1,False,False,0,5.4072553045859,11.190762694208985,曇り・雨,4.630000000000001,0.0,9.17
2024-02-28,46020.0,6.6,1,2,False,False,0,5.409993155373032,11.224853653346617,晴れ,5.63,9.1,14.71
2024-02-29,6680.0,0.0,0,3,False,False,0,5.412731006160164,11.259094954563576,曇り・雨,2.43,0.0,1.85
2024-03-01,44820.0,2.9,1,4,False,False,0,5.415468856947296,11.2934787484316,薄曇り〜曇り,5.640000000000001,5.7,10.63
2024-03-02,46135.0,8.6,1,5,True,False,1,5.418206707734429,11.327997319478118,晴れ,7.63,9.1,17.64
2024-03-03,39475.0,1.2,1,6,True,False,1,5.420944558521561,11.362643081704407,曇り・雨,3.63,0.0,7.03
2024-03-04,44230.0,5.4,1,0,False,False,0,5.423682409308693,11.397408573810802,晴れ,4.430000000000001,9.1,14.4
2024-03-05,3465.0,0.0,0,1,False,False,0,5.426420260095825,11.432286454147071,曇り・雨,2.43,0.0,1.4
2024-03-06,20370.0,1.2,0,2,False,False,0,5.429158110882957,11.467269495405722,曇り・雨,3.63,0.0,5.76
2024-03-07,44570.0,2.3,1,3,False,False,0,5.431895961670089,11.50235057907555,曇り・雨,4.73,0.0,11.18
2024-03-08,49380.0,8.4,1,4,False,False,0,5.434633812457221,11.537522689672278,晴れ,7.430000000000001,9.1,18.31
2024-03-09,47270.0,5.0,1,5,True,False,1,5.437371663244353,11.572778908762738,晴れ,4.03,9.1,14.96
2024-03-10,43590.0,10.8,1,6,True,False,1,5.4401095140314855,11.608112408798625,快晴,5.500000000000001,9.1,21.76
2024-03-11,43675.0,6.9,1,0,False,False,0,5.4428473648186175,11.64351644677538,晴れ,5.930000000000001,9.1,16.74
2024-03-12,38905.0,4.4,1,1,False,False,0,5.44558521560575,11.678984357731407,薄曇り〜曇り,7.140000000000001,5.7,14.41
2024-03-13,52395.0,10.6,1,2,False,False,0,5.448323066392882,11.714509548102436,快晴,5.3,9.1,21.67
2024-03-14,49130.0,8.4,1,3,False,False,0,5.451060917180014,11.75008548894542,晴れ,7.430000000000001,9.1,18.92
2024-03-15,50925.0,10.8,1,4,False,False,0,5.453798767967146,11.785705709046084,快晴,5.500000000000001,9.1,21.91
2024-03-16,43360.0,11.0,1,5,True,False,1,5.456536618754278,11.821363787923891,快晴,5.7,9.1,21.96
2024-03-17,6520.0,0.0,0,6,True,False,1,5.45927446954141,11.85705334874787,曇り・雨,2.43,0.0,3.41
2024-03-18,50990.0,8.9,1,0,False,False,0,5.462012320328542,11.892768051176587,晴れ,7.930000000000001,9.1,19.81
2024-03-19,24760.0,3.6,0,1,False,False,0,5.464750171115674,11.928501584135189,薄曇り〜曇り,6.34,5.7,11.56
2024-03-20,47460.0,6.2,1,2,False,True,1,5.467488021902806,11.964247658542385,晴れ,5.23,9.1,16.74
2024-03-21,54165.0,9.1,1,3,False,False,0,5.470225872689938,12.0,晴れ,8.129999999999999,9.1,20.83
2024-03-22,55300.0,11.0,1,4,False,False,0,5.47296372347707,12.035752341457613,快晴,5.7,9.1,22.08
2024-03-23,8985.0,0.1,0,5,True,False,1,5.475701574264202,12.07149841586481,曇り・雨,2.5300000000000002,0.0,2.89
2024-03-24,6440.0,0.0,0,6,True,False,1,5.478439425051334,12.107231948823411,曇り・雨,2.43,0.0,2.66
2024-03-25,6080.0,0.0,0,0,False,False,0,5.4811772758384665,12.142946651252128,曇り・雨,2.43,0.0,2.42
2024-03-26,29765.0,0.0,0,1,False,False,0,5.4839151266255985,12.178636212076109,曇り・雨,2.43,0.0,3.32
2024-03-27,55735.0,7.7,1,2,False,False,0,5.486652977412731,12.214294290953914,晴れ,6.73,9.1,21.71
2024-03-28,8760.0,0.0,0,3,False,False,0,5.489390828199863,12.24991451105458,曇り・雨,2.43,0.0,2.94
2024-03-29,52955.0,11.3,1,4,False,False,0,5.492128678986996,12.285490451897562,快晴,6.000000000000001,9.1,23.64
2024-03-30,39215.0,6.0,1,5,True,False,1,5.494866529774128,12.321015642268591,晴れ,5.03,9.1,17.31
2024-03-31,29655.0,1.6,1,6,True,False,1,5.49760438056126,12.35648355322462,曇り・雨,4.03,0.0,5.68
2024-04-01,54060.0,10.3,1,0,False,False,0,5.500342231348392,12.391887591201373,快晴,5.000000000000001,9.1,23.67
2024-04-02,31660.0,0.5,0,1,False,False,0,5.503080082135524,12.42722109123726,曇り・雨,2.93,0.0,11.11
2024-04-03,7345.0,0.0,0,2,False,False,0,5.505817932922656,12.462477310327722,曇り・雨,2.43,0.0,1.05
2024-04-04,25690.0,0.0,0,3,False,False,0,5.508555783709788,12.497649420924448,曇り・雨,2.43,0.0,5.17
2024-04-05,27230.0,4.5,0,4,False,False,0,5.51129363449692,12.532730504594277,薄曇り〜曇り,7.24,5.7,15.37
2024-04-06,18305.0,3.4,0,5,True,False,1,5.514031485284052,12.567713545852929,薄曇り〜曇り,6.140000000000001,5.7,13.04
2024-04-07,28180.0,7.4,1,6,True,False,1,5.516769336071184,12.602591426189196,晴れ,6.430000000000001,9.1,20.4
2024-04-08,13240.0,0.0,0,0,False,False,0,5.519507186858316,12.637356918295591,曇り・雨,2.43,0.0,3.61
2024-04-09,48590.0,3.2,1,1,False,False,0,5.522245037645448,12.672002680521882,薄曇り〜曇り,5.94,5.7,11.32
2024-04-10,56400.0,11.8,1,2,False,False,0,5.5249828884325805,12.706521251568399,快晴,6.500000000000001,9.1,25.28
2024-04-11,27495.0,0.5,0,3,False,False,0,5.5277207392197125,12.740905045436424,曇り・雨,2.93,0.0,8.73
2024-04-12,45900.0,9.1,1,4,False,False,0,5.530458590006845,12.775146346653381,晴れ,8.129999999999999,9.1,22.5
2024-04-13,45715.0,11.7,1,5,True,False,1,5.533196440793977,12.809237305791015,快晴,6.3999999999999995,9.1,25.38
2024-04-14,37160.0,9.9,1,6,True,False,1,5.535934291581109,12.843169935295075,晴れ,8.93,9.1,23.09
2024-04-15,10790.0,0.7,0,0,False,False,0,5.538672142368241,12.87693610564548,曇り・雨,3.13,0.0,5.03
2024-04-16,49040.0,5.7,1,1,False,False,0,5.541409993155373,12.910527541866232,晴れ,4.73,9.1,15.11
2024-04-17,49495.0,8.4,1,2,False,False,0,5.544147843942505,12.94393582040467,晴れ,7.430000000000001,9.1,19.37
2024-04-18,53935.0,8.6,1,3,False,False,0,5.546885694729637,12.977152366399984,晴れ,7.63,9.1,23.37
2024-04-19,58960.0,10.4,1,4,False,False,0,5.549623545516769,13.010168451361027,晴れ,9.43,9.1,22.49
2024-04-20,16560.0,0.6,0,5,True,False,1,5.552361396303901,13.042975191273719,曇り・雨,3.0300000000000002,0.0,4.96
2024-04-21,11215.0,0.4,0,6,True,False,1,5.555099247091033,13.075563545158403,曇り・雨,2.83,0.0,4.34
2024-04-22,19975.0,0.0,0,0,False,False,0,5.557837097878165,13.107924314097488,曇り・雨,2.43,0.0,4.11
2024-04-23,19865.0,0.0,0,1,False,False,0,5.560574948665297,13.14004814075375,曇り・雨,2.43,0.0,8.03
2024-04-24,45505.0,6.9,1,2,False,False,0,5.563312799452429,13.171925509399422,晴れ,5.930000000000001,9.1,19.65
2024-04-25,62295.0,12.3,1,3,False,False,0,5.566050650239562,13.203546746475972,快晴,7.000000000000001,9.1,27.14
2024-04-26,17765.0,0.1,0,4,False,False,0,5.568788501026694,13.234902021704162,曇り・雨,2.5300000000000002,0.0,6.15
2024-04-27,30510.0,4.0,1,5,True,False,1,5.5715263518138265,13.265981349763429,薄曇り〜曇り,6.74,5.7,16.07
2024-04-28,45900.0,7.8,1,6,True,False,1,5.574264202600959,13.296774592559082,晴れ,6.83,9.1,19.65
2024-04-29,18925.0,2.0,0,0,False,True,1,5.577002053388091,13.327271462095041,曇り・雨,4.43,0.0,9.95
2024-04-30,28495.0,0.0,0,1,False,False,0,5.579739904175223,13.357461523968977,曇り・雨,2.43,0.0,4.39
2024-05-01,18555.0,0.0,0,2,False,False,0,5.582477754962355,13.38733420150574,曇り・雨,2.43,0.0,5.49
2024-05-02,45850.0,9.4,1,3,False,False,0,5.585215605749487,13.416878780543664,晴れ,8.43,9.1,22.32
2024-05-03,43665.0,11.9,1,4,False,True,1,5.587953456536619,13.446084414887167,快晴,6.6000000000000005,9.1,26.47
2024-05-04,40815.0,11.1,1,5,True,True,1,5.590691307323751,13.474940132437409,快晴,5.8,9.1,25.82
2024-05-05,27440.0,0.7,1,6,True,True,1,5.593429158110883,13.503434842011178,曇り・雨,3.13,0.0,8.33
2024-05-06,16210.0,1.1,0,0,False,True,1,5.596167008898015,13.531557340856347,曇り・雨,3.5300000000000002,0.0,10.36
2024-05-07,47565.0,6.5,1,1,False,False,0,5.598904859685147,13.559296322870177,晴れ,5.53,9.1,19.39
2024-05-08,38735.0,0.4,1,2,False,False,0,5.601642710472279,13.586640387524545,曇り・雨,2.83,0.0,11.54
2024-05-09,57980.0,13.0,1,3,False,False,0,5.604380561259411,13.613578049499889,快晴,7.7,9.1,29.41
2024-05-10,58695.0,12.8,1,4,False,False,0,5.607118412046543,13.64009774902699,快晴,7.500000000000001,9.1,27.61
2024-05-11,47855.0,5.8,1,5,True,False,1,5.6098562628336754,13.666187862933171,晴れ,4.83,9.1,17.46
2024-05-12,6940.0,0.0,0,6,True,False,1,5.6125941136208075,13.691836716386437,曇り・雨,2.43,0.0,2.63
2024-05-13,49995.0,9.3,1,0,False,False,0,5.61533196440794,13.71703259532821,晴れ,8.33,9.1,25.42
2024-05-14,60830.0,13.2,1,1,False,False,0,5.618069815195072,13.741763759582074,快晴,7.8999999999999995,9.1,29.88
2024-05-15,51800.0,10.5,1,2,False,False,0,5.620807665982204,13.766018456622673,晴れ,9.53,9.1,22.63
2024-05-16,59050.0,10.7,1,3,False,False,0,5.623545516769336,13.789784935985415,晴れ,9.729999999999999,9.1,27.82
2024-05-17,64300.0,13.1,1,4,False,False,0,5.626283367556468,13.81305146429425,快晴,7.8,9.1,29.42
2024-05-18,55710.0,12.2,1,5,True,False,1,5.6290212183436,13.835806340881074,快晴,6.8999999999999995,9.1,28.6
2024-05-19,45130.0,12.8,1,6,True,False,1,5.631759069130732,13.85803791396665,快晴,7.500000000000001,9.1,29.55
2024-05-20,54705.0,9.7,1,0,False,False,0,5.634496919917864,13.879734597369325,晴れ,8.729999999999999,9.1,21.55
2024-05-21,59135.0,10.4,1,1,False,False,0,5.637234770704997,13.900884887704006,晴れ,9.43,9.1,26.48
2024-05-22,24055.0,0.0,0,2,False,False,0,5.639972621492129,13.921477382030147,曇り・雨,2.43,0.0,9.42
2024-05-23,30310.0,2.1,0,3,False,False,0,5.642710472279261,13.941500795903929,曇り・雨,4.53,0.0,14.57
2024-05-24,46625.0,8.1,0,4,False,False,0,5.645448323066393,13.960943981786077,晴れ,7.13,9.1,20.99
2024-05-25,58875.0,12.0,1,5,True,False,1,5.648186173853525,13.979795947753377,快晴,6.7,9.1,25.85
2024-05-26,44620.0,7.2,1,6,True,False,1,5.650924024640657,13.998045876458507,晴れ,6.23,9.1,19.88
2024-05-27,18820.0,0.2,0,0,False,False,0,5.653661875427789,14.015683144279617,曇り・雨,2.6300000000000003,0.0,6.24
2024-05-28,20820.0,1.3,0,1,False,False,0,5.6563997262149215,14.03269734059815,曇り・雨,3.7300000000000004,0.0,6.88
2024-05-29,67765.0,12.8,1,2,False,False,0,5.6591375770020536,14.049078287140494,快晴,7.500000000000001,9.1,29.94
2024-05-30,42400.0,4.7,0,3,False,False,0,5.661875427789186,14.064816057316735,薄曇り〜曇り,7.44,5.7,17.0
2024-05-31,22140.0,5.3,0,4,False,False,0,5.664613278576318,14.079900995487389,薄曇り〜曇り,8.04,5.7,16.95
2024-06-01,64430.0,11.7,1,5,True,False,1,5.66735112936345,14.09432373608728,快晴,6.3999999999999995,9.1,25.87
2024-06-02,56145.0,6.5,1,6,True,False,1,5.670088980150582,14.108075222534115,晴れ,5.53,9.1,21.01
2024-06-03,70460.0,12.3,1,0,False,False,0,5.672826830937714,14.121146725848265,快晴,7.000000000000001,9.1,28.8
2024-06-04,70785.0,12.8,1,1,False,False,0,5.675564681724846,14.133529862909443,快晴,7.500000000000001,9.1,28.97
2024-06-05,64820.0,10.7,1,2,False,False,0,5.678302532511978,14.145216614275846,晴れ,9.729999999999999,9.1,27.05
2024-06-06,30560.0,4.5,0,3,False,False,0,5.68104038329911,14.156199341491366,薄曇り〜曇り,7.24,5.7,18.35
2024-06-07,59020.0,8.8,1,4,False,False,0,5.683778234086242,14.16647080380724,晴れ,7.830000000000001,9.1,25.0
2024-06-08,23380.0,0.6,0,5,True,False,1,5.686516084873374,14.176024174245576,曇り・雨,3.0300000000000002,0.0,9.73
2024-06-09,23405.0,0.5,0,6,True,False,1,5.689253935660506,14.184853054933804,曇り・雨,2.93,0.0,11.13
2024-06-10,44060.0,7.1,0,0,False,False,0,5.691991786447638,14.19295149164129,晴れ,6.13,9.1,19.52
2024-06-11,57010.0,8.6,1,1,False,False,0,5.69472963723477,14.200313987451876,晴れ,7.63,9.1,21.79
2024-06-12,50795.0,8.3,0,2,False,False,0,5.6974674880219025,14.20693551550919,晴れ,7.330000000000001,9.1,24.28
2024-06-13,70855.0,13.3,1,3,False,False,0,5.700205338809035,14.212811530775161,快晴,8.0,9.1,28.52
2024-06-14,67750.0,8.5,0,4,False,False,0,5.702943189596167,14.217937980746093,晴れ,7.53,9.1,22.89
2024-06-15,37390.0,9.1,0,5,True,False,1,5.705681040383299,14.222311315075144,晴れ,8.129999999999999,9.1,22.16
2024-06-16,58310.0,9.2,1,6,True,False,1,5.708418891170431,14.225928494054779,晴れ,8.229999999999999,9.1,23.79
2024-06-17,19680.0,0.1,0,0,False,False,0,5.711156741957564,14.228786995918016,曇り・雨,2.5300000000000002,0.0,6.68
2024-06-18,58205.0,12.0,0,1,False,False,0,5.713894592744696,14.23088482292273,快晴,6.7,9.1,28.92
2024-06-19,55210.0,7.4,1,2,False,False,0,5.716632443531828,14.232220506189085,晴れ,6.430000000000001,9.1,22.75
2024-06-20,8235.0,0.0,0,3,False,False,0,5.71937029431896,14.232793109266195,曇り・雨,2.43,0.0,4.08
2024-06-21,55485.0,6.2,1,4,False,False,0,5.722108145106092,14.232602230410311,晴れ,5.23,9.1,20.8
2024-06-22,17715.0,0.1,0,5,True,False,1,5.724845995893224,14.23164800356321,曇り・雨,2.5300000000000002,0.0,6.12
2024-06-23,15790.0,0.0,0,6,True,False,1,5.727583846680356,14.22993109802594,曇り・雨,2.43,0.0,4.48
2024-06-24,19610.0,0.1,0,0,False,False,0,5.730321697467488,14.227452716829506,曇り・雨,2.5300000000000002,0.0,9.64
2024-06-25,21410.0,0.0,0,1,False,False,0,5.73305954825462,14.224214593810629,曇り・雨,2.43,0.0,6.45
2024-06-26,19590.0,0.0,0,2,False,False,0,5.735797399041752,14.220218989407106,曇り・雨,2.43,0.0,6.59
2024-06-27,12415.0,0.0,0,3,False,False,0,5.738535249828884,14.215468685193562,曇り・雨,2.43,0.0,3.78
2024-06-28,16375.0,0.7,0,4,False,False,0,5.7412731006160165,14.209966977184571,曇り・雨,3.13,0.0,10.48
2024-06-29,23155.0,0.3,0,5,True,False,1,5.7440109514031485,14.203717667937985,曇り・雨,2.73,0.0,9.26
2024-06-30,32800.0,0.3,0,6,True,False,1,5.746748802190281,14.196725057497,曇り・雨,2.73,0.0,7.13
2024-07-01,15295.0,0.1,0,0,False,False,0,5.749486652977413,14.188993933214745,曇り・雨,2.5300000000000002,0.0,4.38
2024-07-02,47600.0,4.7,0,1,False,False,0,5.752224503764545,14.180529558510328,薄曇り〜曇り,7.44,5.7,14.96
2024-07-03,60230.0,9.2,0,2,False,False,0,5.754962354551677,14.171337660609705,晴れ,8.229999999999999,9.1,21.97
2024-07-04,55435.0,4.2,0,3,False,False,0,5.757700205338809,14.161424417329062,薄曇り〜曇り,6.94,5.7,14.41
2024-07-05,53940.0,8.3,0,4,False,False,0,5.760438056125941,14.15079644296216,晴れ,7.330000000000001,9.1,19.31
2024-07-06,66260.0,13.2,0,5,True,False,1,5.763175906913073,14.139460773336346,快晴,7.8999999999999995,9.1,27.32
2024-07-07,63965.0,10.5,0,6,True,False,1,5.765913757700205,14.127424850104802,晴れ,9.53,9.1,24.72
2024-07-08,60340.0,7.7,0,0,False,False,0,5.768651608487337,14.114696504345009,晴れ,6.73,9.1,20.51
2024-07-09,56865.0,5.8,0,1,False,False,0,5.771389459274469,14.101283939535145,晴れ,4.83,9.1,21.94
2024-07-10,35245.0,1.0,0,2,False,False,0,5.774127310061601,14.08719571398165,曇り・雨,3.43,0.0,9.61
2024-07-11,16625.0,0.1,0,3,False,False,0,5.776865160848733,14.072440722772015,曇り・雨,2.5300000000000002,0.0,8.52
2024-07-12,34460.0,5.7,0,4,False,False,0,5.779603011635865,14.05702817932723,晴れ,4.73,9.1,19.09
2024-07-13,19045.0,2.1,0,5,True,False,1,5.782340862422998,14.040967596628356,曇り・雨,4.53,0.0,12.27
2024-07-14,13990.0,0.0,0,6,True,False,1,5.7850787132101305,14.024268768191197,曇り・雨,2.43,0.0,2.96
2024-07-15,17715.0,1.9,0,0,False,True,1,5.7878165639972625,14.006941748861998,曇り・雨,4.33,0.0,9.97
2024-07-16,44820.0,1.0,0,1,False,False,0,5.790554414784395,13.98899683550596,曇り・雨,3.43,0.0,12.55
2024-07-17,64360.0,10.7,0,2,False,False,0,5.793292265571527,13.970444547658545,晴れ,9.729999999999999,9.1,23.15
2024-07-18,48245.0,5.1,0,3,False,False,0,5.796030116358659,13.951295608207523,薄曇り〜曇り,7.84,5.7,16.43
2024-07-19,57170.0,6.6,0,4,False,False,0,5.798767967145791,13.931560924171414,晴れ,5.63,9.1,17.24
2024-07-20,64725.0,7.8,0,5,True,False,1,5.801505817932923,13.911251567637255,晴れ,6.83,9.1,19.64
2024-07-21,55865.0,3.7,0,6,True,False,1,5.804243668720055,13.89037875691781,薄曇り〜曇り,6.44,5.7,10.54
2024-07-22,66820.0,9.9,0,0,False,False,0,5.806981519507187,13.868953837985188,晴れ,8.93,9.1,21.8
2024-07-23,60075.0,10.8,0,1,False,False,0,5.809719370294319,13.846988266234568,晴れ,9.83,9.1,23.48
2024-07-24,49730.0,3.9,0,2,False,False,0,5.812457221081451,13.824493588628266,薄曇り〜曇り,6.640000000000001,5.7,13.71
2024-07-25,58645.0,11.4,0,3,False,False,0,5.815195071868583,13.801481426266877,快晴,6.1000000000000005,9.1,26.08
2024-07-26,47445.0,6.7,0,4,False,False,0,5.817932922655715,13.777963457430513,晴れ,5.73,9.1,18.73
2024-07-27,63130.0,11.6,0,5,True,False,1,5.820670773442847,13.75395140112952,快晴,6.3,9.1,26.75
2024-07-28,68105.0,10.9,0,6,True,False,1,5.823408624229979,13.729457001200323,晴れ,9.93,9.1,24.61
2024-07-29,69720.0,13.4,0,0,False,False,0,5.8261464750171115,13.704492010978322,快晴,8.100000000000001,9.1,27.86
2024-07-30,69110.0,10.2,0,1,False,False,0,5.8288843258042435,13.67906817857606,晴れ,9.229999999999999,9.1,23.45
2024-07-31,68950.0,10.7,0,2,False,False,0,5.831622176591376,13.653197232791292,晴れ,9.729999999999999,9.1,25.92
2024-08-01,68070.0,9.6,0,3,False,False,0,5.834360027378508,13.626890869665981,晴れ,8.629999999999999,9.1,24.7
2024-08-02,67425.0,11.8,0,4,False,False,0,5.83709787816564,13.600160739713779,快晴,6.500000000000001,9.1,26.47
2024-08-03,65585.0,11.4,0,5,True,False,1,5.839835728952772,13.573018435830209,快晴,6.1000000000000005,9.1,24.74
2024-08-04,60895.0,12.2,0,6,True,False,1,5.842573579739904,13.54547548189653,快晴,6.8999999999999995,9.1,26.6
2024-08-05,58865.0,10.1,0,0,False,False,0,5.845311430527036,13.517543322085114,晴れ,9.129999999999999,9.1,21.78
2024-08-06,64330.0,12.4,0,1,False,False,0,5.848049281314168,13.48923331087133,快晴,7.1000000000000005,9.1,26.57
2024-08-07,65795.0,12.1,0,2,False,False,0,5.8507871321013,13.46055670375401,快晴,6.8,9.1,25.96
2024-08-08,66385.0,12.2,0,3,False,False,0,5.853524982888432,13.431524648684064,快晴,6.8999999999999995,9.1,26.24
2024-08-09,57565.0,11.1,0,4,False,False,0,5.856262833675565,13.40214817819824,快晴,5.8,9.1,23.59
2024-08-10,67035.0,12.4,0,5,True,False,1,5.859000684462697,13.372438202252882,快晴,7.1000000000000005,9.1,26.11
2024-08-11,68840.0,12.2,0,6,True,True,1,5.861738535249829,13.342405501750308,快晴,6.8999999999999995,9.1,26.77
2024-08-12,62755.0,12.4,0,0,False,True,1,5.864476386036961,13.312060722748557,快晴,7.1000000000000005,9.1,24.98
2024-08-13,61715.0,10.5,0,1,False,False,0,5.867214236824093,13.281414371343528,晴れ,9.53,9.1,23.53
2024-08-14,59950.0,10.0,0,2,False,False,0,5.8699520876112254,13.25047680921085,晴れ,9.03,9.1,22.76
2024-08-15,57310.0,9.1,0,3,False,False,0,5.8726899383983575,13.219258249793521,晴れ,8.129999999999999,9.1,22.04
2024-08-16,61825.0,8.9,0,4,False,False,0,5.87542778918549,13.187768755120002,晴れ,7.930000000000001,9.1,23.13
2024-08-17,61790.0,11.5,0,5,True,False,1,5.878165639972622,13.156018233236434,快晴,6.2,9.1,25.18
2024-08-18,56805.0,10.3,0,6,True,False,1,5.880903490759754,13.1240164362356,晴れ,9.33,9.1,24.29
2024-08-19,22300.0,6.5,0,0,False,False,0,5.883641341546886,13.09177295886456,晴れ,5.53,9.1,18.32
2024-08-20,59725.0,8.9,0,1,False,False,0,5.886379192334018,13.059297237692153,晴れ,7.930000000000001,9.1,21.92
2024-08-21,60355.0,9.1,0,2,False,False,0,5.88911704312115,13.026598550817024,晴れ,8.129999999999999,9.1,21.54
2024-08-22,59045.0,10.7,0,3,False,False,0,5.891854893908282,12.993686018096447,快晴,5.3999999999999995,9.1,23.55
2024-08-23,54985.0,6.7,0,4,False,False,0,5.894592744695414,12.960568601875877,晴れ,5.73,9.1,16.71
2024-08-24,52120.0,6.4,0,5,True,False,1,5.897330595482546,12.927255108198995,晴れ,5.430000000000001,9.1,16.18
2024-08-25,51755.0,4.4,0,6,True,False,1,5.900068446269678,12.89375418847788,薄曇り〜曇り,7.140000000000001,5.7,11.43
2024-08-26,59595.0,11.7,0,0,False,False,0,5.90280629705681,12.860074341602939,快晴,6.3999999999999995,9.1,24.45
2024-08-27,50805.0,8.3,0,1,False,False,0,5.905544147843942,12.82622391647227,晴れ,7.330000000000001,9.1,19.56
2024-08-28,11440.0,0.7,0,2,False,False,0,5.908281998631074,12.792211114920267,曇り・雨,3.13,0.0,7.82
2024-08-29,6235.0,0.0,0,3,False,False,0,5.9110198494182065,12.75804399502553,曇り・雨,2.43,0.0,2.14
2024-08-30,12780.0,0.0,0,4,False,False,0,5.9137577002053385,12.72373047477822,曇り・雨,2.43,0.0,3.71
2024-08-31,62160.0,10.0,0,5,True,False,1,5.916495550992471,12.689278336087558,晴れ,9.03,9.1,23.92
2024-09-01,64840.0,12.2,1,6,True,False,1,5.919233401779603,12.654695229110223,快晴,6.8999999999999995,9.1,24.81
2024-09-02,62275.0,11.3,0,0,False,False,0,5.921971252566735,12.619988676880961,快晴,6.000000000000001,9.1,23.59
2024-09-03,58240.0,10.5,0,1,False,False,0,5.924709103353867,12.58516608022704,快晴,5.2,9.1,22.59
2024-09-04,61970.0,10.9,0,2,False,False,0,5.927446954141,12.550234722948602,快晴,5.6000000000000005,9.1,22.86
2024-09-05,60430.0,11.4,0,3,False,False,0,5.930184804928132,12.515201777247361,快晴,6.1000000000000005,9.1,22.61
2024-09-06,63570.0,11.1,0,4,False,False,0,5.932922655715264,12.48007430938661,快晴,5.8,9.1,21.76
2024-09-07,63550.0,10.8,0,5,True,False,1,5.935660506502396,12.44485928556582,快晴,5.500000000000001,9.1,22.02
2024-09-08,63110.0,11.4,1,6,True,False,1,5.938398357289528,12.409563577993655,快晴,6.1000000000000005,9.1,22.19
2024-09-09,63180.0,11.7,0,0,False,False,0,5.94113620807666,12.374193971143582,快晴,6.3999999999999995,9.1,22.4
2024-09-10,35295.0,5.5,0,1,False,False,0,5.943874058863792,12.33875716817668,晴れ,4.53,9.1,15.23
2024-09-11,52850.0,5.4,0,2,False,False,0,5.946611909650924,12.30325979751669,晴れ,4.430000000000001,9.1,18.27
2024-09-12,60875.0,11.4,0,3,False,False,0,5.949349760438056,12.267708419562661,快晴,6.1000000000000005,9.1,22.2
2024-09-13,62395.0,11.7,0,4,False,False,0,5.952087611225188,12.232109533524966,快晴,6.3999999999999995,9.1,22.59
2024-09-14,44475.0,10.4,0,5,True,False,1,5.95482546201232,12.19646958437075,快晴,5.1000000000000005,9.1,21.3
2024-09-15,42200.0,4.2,0,6,True,False,1,5.9575633127994525,12.160794969865195,薄曇り〜曇り,6.94,5.7,15.12
2024-09-16,47440.0,6.6,0,0,False,True,1,5.960301163586585,12.125092047695267,晴れ,5.63,9.1,15.52
2024-09-17,58995.0,11.6,0,1,False,False,0,5.963039014373717,12.08936714266281,快晴,6.3,9.1,21.56
2024-09-18,56840.0,11.7,0,2,False,False,0,5.965776865160849,12.053626553934135,快晴,6.3999999999999995,9.1,21.72
2024-09-19,48615.0,10.6,0,3,False,False,0,5.968514715947981,12.01787656233332,快晴,5.3,9.1,21.3
2024-09-20,42090.0,5.8,0,4,False,False,0,5.971252566735113,11.98212343766668,晴れ,4.83,9.1,15.0
2024-09-21,33600.0,1.1,0,5,True,False,1,5.973990417522245,11.946373446065865,曇り・雨,3.5300000000000002,0.0,8.64
2024-09-22,12870.0,0.9,0,6,True,True,1,5.976728268309377,11.91063285733719,曇り・雨,3.33,0.0,9.0
2024-09-23,36650.0,5.7,0,0,False,True,1,5.979466119096509,11.874907952304735,晴れ,4.73,9.1,15.27
2024-09-24,52940.0,8.5,1,1,False,False,0,5.982203969883641,11.839205030134805,晴れ,7.53,9.1,18.79
2024-09-25,34385.0,0.6,0,2,False,False,0,5.984941820670773,11.803530415629252,曇り・雨,3.0300000000000002,0.0,7.79
2024-09-26,58890.0,10.2,1,3,False,False,0,5.987679671457905,11.767890466475032,快晴,4.8999999999999995,9.1,19.93
2024-09-27,56500.0,8.7,0,4,False,False,0,5.990417522245037,11.732291580437339,晴れ,7.7299999999999995,9.1,19.49
2024-09-28,37345.0,7.1,0,5,True,False,1,5.993155373032169,11.696740202483312,晴れ,6.13,9.1,16.22
2024-09-29,48845.0,6.9,1,6,True,False,1,5.9958932238193015,11.661242831823321,晴れ,5.930000000000001,9.1,15.35
2024-09-30,52275.0,10.6,0,0,False,False,0,5.9986310746064335,11.62580602885642,快晴,5.3,9.1,19.66
2024-10-01,56160.0,9.5,0,1,False,False,0,6.0013689253935665,11.590436422006345,快晴,4.2,9.1,19.29
2024-10-02,11605.0,0.0,0,2,False,False,0,6.0041067761806985,11.555140714434181,曇り・雨,2.43,0.0,2.32
2024-10-03,20500.0,0.1,0,3,False,False,0,6.006844626967831,11.519925690613391,曇り・雨,2.5300000000000002,0.0,4.98
2024-10-04,30465.0,5.5,0,4,False,False,0,6.009582477754963,11.48479822275264,晴れ,4.53,9.1,14.82
2024-10-05,36095.0,1.2,0,5,True,False,1,6.012320328542095,11.4497652770514,曇り・雨,3.63,0.0,11.4
2024-10-06,37455.0,2.3,1,6,True,False,1,6.015058179329227,11.41483391977296,薄曇り〜曇り,5.04,5.7,10.82
2024-10-07,17320.0,0.0,0,0,False,False,0,6.017796030116359,11.38001132311904,曇り・雨,2.43,0.0,3.45
2024-10-08,27225.0,0.0,0,1,False,False,0,6.020533880903491,11.345304770889777,曇り・雨,2.43,0.0,5.05
2024-10-09,50280.0,8.6,1,2,False,False,0,6.023271731690623,11.310721663912442,晴れ,7.63,9.1,15.89
2024-10-10,48850.0,10.3,1,3,False,False,0,6.026009582477755,11.276269525221782,快晴,5.000000000000001,9.1,18.99
2024-10-11,47720.0,10.6,1,4,False,False,0,6.028747433264887,11.241956004974472,快晴,5.3,9.1,19.29
2024-10-12,48090.0,10.3,1,5,True,False,1,6.031485284052019,11.207788885079731,快晴,5.000000000000001,9.1,18.83
2024-10-13,41950.0,10.3,1,6,True,False,1,6.034223134839151,11.173776083527732,快晴,5.000000000000001,9.1,19.12
2024-10-14,24835.0,0.2,0,0,False,True,1,6.036960985626283,11.13992565839706,曇り・雨,2.6300000000000003,0.0,6.58
2024-10-15,25955.0,0.4,0,1,False,False,0,6.039698836413415,11.106245811522118,曇り・雨,2.83,0.0,6.91
2024-10-16,35330.0,2.9,0,2,False,False,0,6.0424366872005475,11.072744891801005,薄曇り〜曇り,5.640000000000001,5.7,11.36
2024-10-17,22880.0,2.8,0,3,False,False,0,6.04517453798768,11.039431398124123,薄曇り〜曇り,5.54,5.7,9.5
2024-10-18,41880.0,7.2,0,4,False,False,0,6.047912388774812,11.006313981903551,晴れ,6.23,9.1,14.2
2024-10-19,18500.0,0.0,0,5,True,False,1,6.050650239561944,10.973401449182974,曇り・雨,2.43,0.0,3.47
2024-10-20,34115.0,5.9,1,6,True,False,1,6.053388090349076,10.940702762307847,晴れ,4.930000000000001,9.1,14.2
2024-10-21,32245.0,6.2,0,0,False,False,0,6.056125941136208,10.90822704113544,晴れ,5.23,9.1,14.06
2024-10-22,8385.0,1.3,0,1,False,False,0,6.05886379192334,10.8759835637644,曇り・雨,3.7300000000000004,0.0,3.33
2024-10-23,31610.0,3.7,0,2,False,False,0,6.061601642710472,10.843981766763564,薄曇り〜曇り,6.44,5.7,12.23
2024-10-24,19975.0,4.8,0,3,False,False,0,6.064339493497604,10.812231244879996,晴れ,3.83,9.1,11.87
2024-10-25,24650.0,6.5,0,4,False,False,0,6.067077344284736,10.78074175020648,晴れ,5.53,9.1,13.03
2024-10-26,18575.0,0.1,0,5,True,False,1,6.069815195071868,10.74952319078915,曇り・雨,2.5300000000000002,0.0,6.13
2024-10-27,29395.0,2.1,1,6,True,False,1,6.072553045859,10.718585628656472,曇り・雨,4.53,0.0,7.01
2024-10-28,27880.0,1.3,0,0,False,False,0,6.075290896646133,10.687939277251441,曇り・雨,3.7300000000000004,0.0,8.88
2024-10-29,11815.0,0.5,0,1,False,False,0,6.078028747433265,10.657594498249694,曇り・雨,2.93,0.0,6.59
2024-10-30,41120.0,6.3,1,2,False,False,0,6.080766598220397,10.627561797747116,晴れ,5.33,9.1,11.76
2024-10-31,16095.0,0.5,0,3,False,False,0,6.083504449007529,10.597851821801761,曇り・雨,2.93,0.0,5.98
2024-11-01,8660.0,0.0,0,4,False,False,0,6.0862422997946615,10.568475351315936,曇り・雨,2.43,0.0,1.49
2024-11-02,17630.0,0.0,0,5,True,False,1,6.0889801505817935,10.53944329624599,曇り・雨,2.43,0.0,3.18
2024-11-03,34050.0,9.7,1,6,True,True,1,6.091718001368926,10.510766689128673,快晴,4.3999999999999995,9.1,16.01
2024-11-04,38220.0,5.4,1,0,False,True,1,6.094455852156058,10.482456677914888,晴れ,4.430000000000001,9.1,10.79
2024-11-05,36910.0,7.3,1,1,False,False,0,6.09719370294319,10.45452451810347,晴れ,6.33,9.1,12.9
2024-11-06,43265.0,5.9,1,2,False,False,0,6.099931553730322,10.42698156416979,晴れ,4.930000000000001,9.1,11.56
2024-11-07,45675.0,8.1,1,3,False,False,0,6.102669404517454,10.399839260286221,晴れ,7.13,9.1,13.2
2024-11-08,41725.0,8.7,1,4,False,False,0,6.105407255304586,10.373109130334019,快晴,3.3999999999999995,9.1,15.14
2024-11-09,23995.0,4.9,0,5,True,False,1,6.108145106091718,10.346802767208708,晴れ,3.9300000000000006,9.1,10.76
2024-11-10,10325.0,0.0,0,6,True,False,1,6.11088295687885,10.320931821423939,曇り・雨,2.43,0.0,2.85
2024-11-11,35040.0,5.5,1,0,False,False,0,6.113620807665982,10.295507989021678,晴れ,4.53,9.1,10.71
2024-11-12,37780.0,7.9,1,1,False,False,0,6.116358658453114,10.270542998799677,晴れ,6.930000000000001,9.1,13.36
2024-11-13,39905.0,7.1,1,2,False,False,0,6.119096509240246,10.24604859887048,晴れ,6.13,9.1,10.93
2024-11-14,36790.0,8.0,1,3,False,False,0,6.121834360027378,10.222036542569487,晴れ,7.03,9.1,12.12
2024-11-15,9320.0,0.0,0,4,False,False,0,6.12457221081451,10.198518573733121,曇り・雨,2.43,0.0,2.27
2024-11-16,10695.0,0.6,0,5,True,False,1,6.1273100616016425,10.175506411371734,曇り・雨,3.0300000000000002,0.0,5.4
2024-11-17,18715.0,0.0,0,6,True,False,1,6.1300479123887746,10.153011733765432,曇り・雨,2.43,0.0,2.59
2024-11-18,37680.0,1.2,0,0,False,False,0,6.132785763175907,10.13104616201481,曇り・雨,3.63,0.0,5.96
2024-11-19,39520.0,7.9,0,1,False,False,0,6.135523613963039,10.109621243082191,晴れ,6.930000000000001,9.1,13.26
2024-11-20,41735.0,6.5,1,2,False,False,0,6.138261464750171,10.088748432362745,晴れ,5.53,9.1,11.49
2024-11-21,29300.0,4.5,0,3,False,False,0,6.140999315537303,10.068439075828586,晴れ,3.5300000000000002,9.1,9.72
2024-11-22,38430.0,5.1,1,4,False,False,0,6.143737166324435,10.048704391792477,晴れ,4.13,9.1,9.5
2024-11-23,35430.0,3.4,1,5,True,True,1,6.146475017111568,10.029555452341455,薄曇り〜曇り,6.140000000000001,5.7,8.82
2024-11-24,38480.0,8.8,1,6,True,False,1,6.1492128678987,10.01100316449404,快晴,3.500000000000001,9.1,12.54
2024-11-25,42550.0,7.9,1,0,False,False,0,6.151950718685832,9.993058251138,晴れ,6.930000000000001,9.1,12.75
2024-11-26,5120.0,0.1,0,1,False,False,0,6.154688569472964,9.975731231808803,曇り・雨,2.5300000000000002,0.0,1.26
2024-11-27,19985.0,1.9,0,2,False,False,0,6.157426420260096,9.959032403371644,曇り・雨,4.33,0.0,5.42
2024-11-28,24680.0,2.8,0,3,False,False,0,6.160164271047228,9.942971820672772,薄曇り〜曇り,5.54,5.7,6.9
2024-11-29,20930.0,1.0,0,4,False,False,0,6.16290212183436,9.927559277227983,曇り・雨,3.43,0.0,2.45
2024-11-30,31055.0,4.8,0,5,True,False,1,6.165639972621492,9.912804286018348,晴れ,3.83,9.1,8.45
2024-12-01,32900.0,6.1,1,6,True,False,1,6.168377823408624,9.898716060464855,晴れ,5.13,9.1,11.31
2024-12-02,37960.0,5.5,1,0,False,False,0,6.1711156741957565,9.88530349565499,晴れ,4.53,9.1,9.4
2024-12-03,37425.0,8.8,1,1,False,False,0,6.1738535249828885,9.872575149895196,快晴,3.500000000000001,9.1,11.56
2024-12-04,36260.0,3.4,1,2,False,False,0,6.176591375770021,9.860539226663656,薄曇り〜曇り,6.140000000000001,5.7,8.15
2024-12-05,27535.0,3.0,0,3,False,False,0,6.179329226557153,9.849203557037837,薄曇り〜曇り,5.74,5.7,7.14
2024-12-06,26960.0,3.2,0,4,False,False,0,6.182067077344285,9.838575582670936,薄曇り〜曇り,5.94,5.7,6.74
2024-12-07,32980.0,4.6,1,5,True,False,1,6.184804928131417,9.828662339390293,晴れ,3.63,9.1,8.95
2024-12-08,35215.0,6.1,1,6,True,False,1,6.187542778918549,9.81947044148967,晴れ,5.13,9.1,10.06
2024-12-09,33185.0,1.9,0,0,False,False,0,6.190280629705681,9.811006066785255,曇り・雨,4.33,0.0,6.52
2024-12-10,36850.0,4.6,0,1,False,False,0,6.193018480492813,9.803274942503,晴れ,3.63,9.1,8.43
2024-12-11,26770.0,2.1,0,2,False,False,0,6.195756331279945,9.796282332062013,薄曇り〜曇り,4.84,5.7,7.73
2024-12-12,37925.0,5.2,1,3,False,False,0,6.198494182067077,9.790033022815427,晴れ,4.23,9.1,9.26
2024-12-13,23535.0,3.0,0,4,False,False,0,6.201232032854209,9.784531314806436,薄曇り〜曇り,5.74,5.7,4.78
2024-12-14,33250.0,4.0,1,5,True,False,1,6.203969883641341,9.779781010592892,晴れ,3.0300000000000002,9.1,8.07
2024-12-15,23655.0,0.3,0,6,True,False,1,6.206707734428473,9.77578540618937,曇り・雨,2.73,0.0,3.38
2024-12-16,28075.0,3.4,0,0,False,False,0,6.209445585215605,9.772547283170494,薄曇り〜曇り,6.140000000000001,5.7,8.49
2024-12-17,23550.0,2.6,0,1,False,False,0,6.2121834360027375,9.770068901974058,薄曇り〜曇り,5.34,5.7,6.05
2024-12-18,17580.0,1.2,0,2,False,False,0,6.2149212867898695,9.768351996436788,曇り・雨,3.63,0.0,4.49
2024-12-19,36825.0,2.4,0,3,False,False,0,6.217659137577002,9.767397769589689,薄曇り〜曇り,5.140000000000001,5.7,5.77
2024-12-20,35065.0,5.4,0,4,False,False,0,6.220396988364135,9.767206890733803,晴れ,4.430000000000001,9.1,9.69
2024-12-21,16825.0,0.2,0,5,True,False,1,6.223134839151267,9.767779493810915,曇り・雨,2.6300000000000003,0.0,1.68
2024-12-22,36420.0,3.7,1,6,True,False,1,6.225872689938399,9.76911517707727,薄曇り〜曇り,6.44,5.7,7.6
2024-12-23,40320.0,7.9,0,0,False,False,0,6.228610540725531,9.771213004081984,快晴,2.6000000000000005,9.1,12.17
2024-12-24,42630.0,8.0,0,1,False,False,0,6.231348391512663,9.77407150594522,快晴,2.7,9.1,11.39
2024-12-25,34575.0,4.9,0,2,False,False,0,6.234086242299795,9.777688684924854,晴れ,3.9300000000000006,9.1,8.99
2024-12-26,25000.0,4.5,0,3,False,False,0,6.236824093086927,9.782062019253905,晴れ,3.5300000000000002,9.1,7.84
2024-12-27,30090.0,3.6,0,4,False,False,0,6.239561943874059,9.787188469224839,薄曇り〜曇り,6.34,5.7,7.94
2024-12-28,25705.0,4.1,0,5,True,False,1,6.242299794661191,9.79306448449081,晴れ,3.13,9.1,8.78
2024-12-29,29325.0,0.9,0,6,True,False,1,6.245037645448323,9.799686012548124,曇り・雨,3.33,0.0,4.36
2024-12-30,29730.0,1.0,0,0,False,False,0,6.247775496235455,9.80704850835871,曇り・雨,3.43,0.0,5.14
2024-12-31,30400.0,6.8,1,1,False,False,0,6.250513347022587,9.815146945066195,晴れ,5.83,9.1,9.64
2025-01-01,29445.0,8.9,1,2,False,True,1,6.253251197809719,9.815146945066195,快晴,3.6000000000000005,9.1,12.64
2025-01-02,32115.0,8.7,1,3,False,False,0,6.2559890485968515,9.823975825754422,快晴,3.3999999999999995,9.1,12.18
2025-01-03,32565.0,3.8,1,4,False,False,0,6.2587268993839835,9.833529196192758,薄曇り〜曇り,6.54,5.7,7.34
2025-01-04,31070.0,0.0,0,5,True,False,1,6.261464750171116,9.843800658508634,曇り・雨,2.43,0.0,2.57
2025-01-05,27585.0,1.1,0,6,True,False,1,6.264202600958248,9.854783385724152,曇り・雨,3.5300000000000002,0.0,5.97
2025-01-06,24030.0,1.9,0,0,False,False,0,6.26694045174538,9.866470137090555,曇り・雨,4.33,0.0,5.03
2025-01-07,27905.0,4.8,0,1,False,False,0,6.269678302532512,9.878853274151734,晴れ,3.83,9.1,9.97
2025-01-08,27265.0,3.5,0,2,False,False,0,6.272416153319644,9.891924777465883,薄曇り〜曇り,6.24,5.7,8.27
2025-01-09,21275.0,1.8,0,3,False,False,0,6.275154004106776,9.90567626391272,曇り・雨,4.23,0.0,5.83
2025-01-10,36975.0,5.2,0,4,False,False,0,6.277891854893908,9.92009900451261,晴れ,4.23,9.1,10.1
2025-01-11,22690.0,0.6,0,5,True,False,1,6.28062970568104,9.935183942683263,曇り・雨,3.0300000000000002,0.0,4.67
2025-01-12,22630.0,5.1,0,6,True,False,1,6.283367556468172,9.950921712859504,晴れ,4.13,9.1,7.71
2025-01-13,33655.0,1.8,0,0,False,True,1,6.286105407255304,9.96730265940185,曇り・雨,4.23,0.0,5.46
2025-01-14,30700.0,3.7,0,1,False,False,0,6.288843258042436,9.984316855720381,薄曇り〜曇り,6.44,5.7,6.93
2025-01-15,14540.0,1.3,0,2,False,False,0,6.291581108829569,10.001954123541493,曇り・雨,3.7300000000000004,0.0,3.59
2025-01-16,19600.0,0.5,0,3,False,False,0,6.294318959616701,10.020204052246623,曇り・雨,2.93,0.0,2.76
2025-01-17,30775.0,1.7,0,4,False,False,0,6.297056810403833,10.039056018213923,曇り・雨,4.13,0.0,6.47
2025-01-18,39130.0,2.8,1,5,True,False,1,6.299794661190965,10.058499204096071,薄曇り〜曇り,5.54,5.7,7.77
2025-01-19,34695.0,6.7,1,6,True,False,1,6.3025325119780975,10.07852261796985,晴れ,5.73,9.1,12.65
2025-01-20,39595.0,4.1,0,0,False,False,0,6.30527036276523,10.099115112295992,晴れ,3.13,9.1,8.68
2025-01-21,43830.0,6.5,0,1,False,False,0,6.308008213552362,10.120265402630674,晴れ,5.53,9.1,10.65
2025-01-22,38210.0,5.6,1,2,False,False,0,6.310746064339494,10.14196208603335,晴れ,4.63,9.1,9.9
2025-01-23,38780.0,9.0,0,3,False,False,0,6.313483915126626,10.164193659118924,快晴,3.7,9.1,13.29
2025-01-24,32855.0,8.6,0,4,False,False,0,6.316221765913758,10.186948535705747,快晴,3.3,9.1,12.02
2025-01-25,37695.0,6.0,1,5,True,False,1,6.31895961670089,10.210215064014584,晴れ,5.03,9.1,10.81
2025-01-26,39895.0,7.4,1,6,True,False,1,6.321697467488022,10.233981543377325,晴れ,6.430000000000001,9.1,13.53
2025-01-27,13025.0,0.0,0,0,False,False,0,6.324435318275154,10.258236240417924,曇り・雨,2.43,0.0,2.16
2025-01-28,23785.0,1.5,0,1,False,False,0,6.327173169062286,10.28296740467179,曇り・雨,3.93,0.0,5.13
2025-01-29,28780.0,0.7,0,2,False,False,0,6.329911019849418,10.308163283613561,曇り・雨,3.13,0.0,4.68
2025-01-30,51690.0,8.7,1,3,False,False,0,6.33264887063655,10.333812137066827,快晴,3.3999999999999995,9.1,14.95
2025-01-31,49645.0,9.3,1,4,False,False,0,6.335386721423682,10.35990225097301,快晴,4.000000000000001,9.1,13.47
2025-02-01,2735.0,0.0,0,5,True,False,1,6.338124572210814,10.386421950500111,曇り・雨,2.43,0.0,1.29
2025-02-02,23900.0,2.5,0,6,True,False,1,6.3408624229979464,10.413359612475453,薄曇り〜曇り,5.24,5.7,8.52
2025-02-03,29705.0,4.9,0,0,False,False,0,6.3436002737850785,10.440703677129822,晴れ,3.9300000000000006,9.1,8.74
2025-02-04,28135.0,4.7,0,1,False,False,0,6.346338124572211,10.468442659143651,晴れ,3.7300000000000004,9.1,11.72
2025-02-05,22730.0,3.3,0,2,False,False,0,6.349075975359343,10.496565157988822,薄曇り〜曇り,6.04,5.7,9.69
2025-02-06,35610.0,1.5,0,3,False,False,0,6.351813826146475,10.52505986756259,曇り・雨,3.93,0.0,7.38
2025-02-07,18805.0,0.5,0,4,False,False,0,6.354551676933607,10.553915585112831,曇り・雨,2.93,0.0,4.59
2025-02-08,36770.0,3.9,0,5,True,False,1,6.357289527720739,10.583121219456336,薄曇り〜曇り,6.640000000000001,5.7,10.8
2025-02-09,43585.0,3.9,0,6,True,False,1,6.360027378507871,10.61266579849426,薄曇り〜曇り,6.640000000000001,5.7,10.48
2025-02-10,28110.0,0.1,0,0,False,False,0,6.362765229295003,10.64253847603102,曇り・雨,2.5300000000000002,0.0,3.79
2025-02-11,49540.0,9.4,1,1,False,True,1,6.365503080082136,10.672728537904959,快晴,4.1000000000000005,9.1,16.81
2025-02-12,8060.0,0.3,0,2,False,False,0,6.368240930869268,10.703225407440916,曇り・雨,2.73,0.0,3.04
2025-02-13,41925.0,9.0,1,3,False,False,0,6.3709787816564,10.734018650236571,快晴,3.7,9.1,17.08
2025-02-14,51715.0,9.5,1,4,False,False,0,6.373716632443532,10.765097978295838,快晴,4.2,9.1,3.59
2025-02-15,20555.0,0.1,0,5,True,False,1,6.376454483230664,10.796453253524026,曇り・雨,2.5300000000000002,0.0,4.81
2025-02-16,30285.0,5.9,1,6,True,False,1,6.379192334017796,10.828074490600576,晴れ,4.930000000000001,9.1,12.46
2025-02-17,52830.0,10.0,1,0,False,False,0,6.381930184804928,10.859951859246248,快晴,4.7,9.1,18.16
2025-02-18,49305.0,6.5,1,1,False,False,0,6.38466803559206,10.892075685902512,晴れ,5.53,9.1,15.48
2025-02-19,55560.0,8.1,1,2,False,False,0,6.3874058863791925,10.924436454841596,晴れ,7.13,9.1,17.61
2025-02-20,55505.0,9.7,1,3,False,False,0,6.3901437371663246,10.95702480872628,快晴,4.3999999999999995,9.1,17.45
2025-02-21,44640.0,7.3,0,4,False,False,0,6.392881587953457,10.989831548638971,晴れ,6.33,9.1,15.0
2025-02-22,47925.0,4.2,1,5,True,False,1,6.395619438740589,11.022847633600014,薄曇り〜曇り,6.94,5.7,10.28
2025-02-23,36965.0,2.2,1,6,True,True,1,6.398357289527721,11.056064179595328,曇り・雨,4.630000000000001,0.0,7.78
2025-02-24,52550.0,6.5,1,0,False,True,1,6.401095140314853,11.089472458133766,晴れ,5.53,9.1,15.39
2025-02-25,58290.0,8.5,1,1,False,False,0,6.403832991101985,11.123063894354518,晴れ,7.53,9.1,17.91
2025-02-26,51385.0,8.1,1,2,False,False,0,6.406570841889117,11.156830064704923,晴れ,7.13,9.1,16.67
2025-02-27,45025.0,4.8,1,3,False,False,0,6.409308692676249,11.190762694208985,晴れ,3.83,9.1,11.99
2025-02-28,30820.0,1.5,0,4,False,False,0,6.412046543463381,11.224853653346617,曇り・雨,3.93,0.0,6.78
2025-03-01,35520.0,7.0,1,5,True,False,1,6.414784394250513,11.259094954563576,晴れ,6.03,9.1,15.5
2025-03-02,25065.0,0.7,0,6,True,False,1,6.417522245037645,11.2934787484316,曇り・雨,3.13,0.0,5.62
2025-03-03,11570.0,0.0,0,0,False,False,0,6.420260095824777,11.327997319478118,曇り・雨,2.43,0.0,2.28
2025-03-04,7210.0,0.0,0,1,False,False,0,6.422997946611909,11.362643081704407,曇り・雨,2.43,0.0,2.24
2025-03-05,27735.0,0.7,0,2,False,False,0,6.425735797399041,11.397408573810802,曇り・雨,3.13,0.0,8.06
2025-03-06,30070.0,1.4,0,3,False,False,0,6.4284736481861735,11.432286454147071,曇り・雨,3.83,0.0,11.05
2025-03-07,54765.0,5.4,1,4,False,False,0,6.431211498973306,11.467269495405722,晴れ,4.430000000000001,9.1,14.93
2025-03-08,31250.0,8.7,1,5,True,False,1,6.433949349760438,11.50235057907555,晴れ,7.7299999999999995,9.1,18.81
2025-03-09,35610.0,10.8,1,6,True,False,1,6.436687200547571,11.537522689672278,快晴,5.500000000000001,9.1,20.64
2025-03-10,34110.0,5.8,1,0,False,False,0,6.439425051334703,11.572778908762738,晴れ,4.83,9.1,13.37
2025-03-11,29655.0,7.2,0,1,False,False,0,6.442162902121835,11.608112408798625,晴れ,6.23,9.1,18.9
2025-03-12,34690.0,3.9,1,2,False,False,0,6.444900752908967,11.64351644677538,薄曇り〜曇り,6.640000000000001,5.7,9.85
2025-03-13,17995.0,0.1,0,3,False,False,0,6.447638603696099,11.678984357731407,曇り・雨,2.5300000000000002,0.0,6.02
2025-03-14,34310.0,5.0,1,4,False,False,0,6.450376454483231,11.714509548102436,晴れ,4.03,9.1,17.02
2025-03-15,7635.0,0.0,0,5,True,False,1,6.453114305270363,11.75008548894542,曇り・雨,2.43,0.0,2.95
2025-03-16,26700.0,0.2,1,6,True,False,1,6.455852156057495,11.785705709046084,曇り・雨,2.6300000000000003,0.0,5.53
2025-03-17,46655.0,0.6,0,0,False,False,0,6.458590006844627,11.821363787923891,曇り・雨,3.0300000000000002,0.0,8.81
2025-03-18,31270.0,1.9,0,1,False,False,0,6.461327857631759,11.85705334874787,曇り・雨,4.33,0.0,6.68
2025-03-19,40505.0,1.6,0,2,False,False,0,6.464065708418891,11.892768051176587,曇り・雨,4.03,0.0,9.46
2025-03-20,43990.0,10.8,1,3,False,True,1,6.466803559206023,11.928501584135189,快晴,5.500000000000001,9.1,22.05
2025-03-21,49150.0,11.2,1,4,False,False,0,6.469541409993155,11.964247658542385,快晴,5.8999999999999995,9.1,21.14
2025-03-22,37805.0,11.2,1,5,True,False,1,6.4722792607802875,12.0,快晴,5.8999999999999995,9.1,21.9
2025-03-23,33500.0,11.0,1,6,True,False,1,6.4750171115674195,12.035752341457613,快晴,5.7,9.1,22.0
2025-03-24,37325.0,5.6,1,0,False,False,0,6.477754962354552,12.07149841586481,晴れ,4.63,9.1,14.76
2025-03-25,46845.0,10.0,1,1,False,False,0,6.480492813141684,12.107231948823411,快晴,4.7,9.1,20.55
2025-03-26,45995.0,9.6,1,2,False,False,0,6.483230663928816,12.142946651252128,晴れ,8.629999999999999,9.1,20.68
2025-03-27,12900.0,0.3,0,3,False,False,0,6.485968514715948,12.178636212076109,曇り・雨,2.73,0.0,5.37
2025-03-28,23515.0,1.1,0,4,False,False,0,6.48870636550308,12.214294290953914,曇り・雨,3.5300000000000002,0.0,7.2
2025-03-29,44160.0,5.5,1,5,True,False,1,6.491444216290212,12.24991451105458,晴れ,4.53,9.1,15.8
2025-03-30,45760.0,7.4,1,6,True,False,1,6.494182067077344,12.285490451897562,晴れ,6.430000000000001,9.1,20.92
2025-03-31,52590.0,7.6,1,0,False,False,0,6.496919917864476,12.321015642268591,晴れ,6.63,9.1,20.83
2025-04-01,25110.0,2.1,0,1,False,False,0,6.499657768651608,12.35648355322462,曇り・雨,4.53,0.0,14.67
2025-04-02,50485.0,10.6,1,2,False,False,0,6.50239561943874,12.391887591201373,快晴,5.3,9.1,22.67
2025-04-03,55570.0,9.8,1,3,False,False,0,6.505133470225872,12.42722109123726,晴れ,8.83,9.1,23.56
2025-04-04,57925.0,11.7,1,4,False,False,0,6.507871321013004,12.462477310327722,快晴,6.3999999999999995,9.1,24.41
2025-04-05,39815.0,4.8,1,5,True,False,1,6.510609171800137,12.497649420924448,薄曇り〜曇り,7.54,5.7,16.23
2025-04-06,50370.0,11.0,1,6,True,False,1,6.513347022587269,12.532730504594277,快晴,5.7,9.1,25.39
2025-04-07,58920.0,11.6,1,0,False,False,0,6.5160848733744015,12.567713545852929,快晴,6.3,9.1,25.94
2025-04-08,56100.0,10.0,1,1,False,False,0,6.5188227241615335,12.602591426189196,晴れ,9.03,9.1,23.7
2025-04-09,51760.0,9.8,1,2,False,False,0,6.521560574948666,12.637356918295591,晴れ,8.83,9.1,22.93
2025-04-10,19045.0,3.5,0,3,False,False,0,6.524298425735798,12.672002680521882,薄曇り〜曇り,6.24,5.7,12.05
2025-04-11,56880.0,11.1,1,4,False,False,0,6.52703627652293,12.706521251568399,快晴,5.8,9.1,24.53
2025-04-12,31250.0,0.5,0,5,True,False,1,6.529774127310062,12.740905045436424,曇り・雨,2.93,0.0,10.56
2025-04-13,42040.0,8.8,1,6,True,False,1,6.532511978097194,12.775146346653381,晴れ,7.830000000000001,9.1,24.03
2025-04-14,33625.0,2.5,0,0,False,False,0,6.535249828884326,12.809237305791015,曇り・雨,4.93,0.0,9.51
2025-04-15,56800.0,8.4,1,1,False,False,0,6.537987679671458,12.843169935295075,晴れ,7.430000000000001,9.1,23.03
2025-04-16,56135.0,10.0,1,2,False,False,0,6.54072553045859,12.87693610564548,晴れ,9.03,9.1,23.22
2025-04-17,53455.0,9.1,1,3,False,False,0,6.543463381245722,12.910527541866232,晴れ,8.129999999999999,9.1,21.63
2025-04-18,55160.0,5.9,1,4,False,False,0,6.546201232032854,12.94393582040467,晴れ,4.930000000000001,9.1,18.79
2025-04-19,53425.0,11.2,1,5,True,False,1,6.548939082819986,12.977152366399984,快晴,5.8999999999999995,9.1,24.82
2025-04-20,17630.0,0.0,0,6,True,False,1,6.551676933607118,13.010168451361027,曇り・雨,2.43,0.0,5.86
2025-04-21,58430.0,9.3,1,0,False,False,0,6.55441478439425,13.042975191273719,晴れ,8.33,9.1,24.38
2025-04-22,12425.0,0.0,0,1,False,False,0,6.5571526351813825,13.075563545158403,曇り・雨,2.43,0.0,3.82
2025-04-23,21930.0,0.0,0,2,False,False,0,6.5598904859685145,13.107924314097488,曇り・雨,2.43,0.0,3.6
2025-04-24,62050.0,7.8,1,3,False,False,0,6.562628336755647,13.14004814075375,晴れ,6.83,9.1,23.17
2025-04-25,40070.0,4.7,1,4,False,False,0,6.565366187542779,13.171925509399422,薄曇り〜曇り,7.44,5.7,16.44
2025-04-26,57300.0,12.5,1,5,True,False,1,6.568104038329911,13.203546746475972,快晴,7.2,9.1,28.25
2025-04-27,53115.0,10.6,1,6,True,False,1,6.570841889117043,13.234902021704162,快晴,5.3,9.1,26.21
2025-04-28,27595.0,5.1,0,0,False,False,0,6.573579739904175,13.265981349763429,薄曇り〜曇り,7.84,5.7,15.15
2025-04-29,55970.0,12.7,1,1,False,True,1,6.576317590691307,13.296774592559082,快晴,7.3999999999999995,9.1,28.06
2025-04-30,57750.0,12.4,1,2,False,False,0,6.579055441478439,13.327271462095041,快晴,7.1000000000000005,9.1,26.18
2025-05-01,31725.0,3.8,1,3,False,False,0,6.581793292265571,13.357461523968977,薄曇り〜曇り,6.54,5.7,15.34
2025-05-02,58730.0,12.5,1,4,False,False,0,6.584531143052704,13.38733420150574,快晴,7.2,9.1,28.71
2025-05-03,45000.0,6.6,1,5,True,True,1,6.587268993839836,13.416878780543664,晴れ,5.63,9.1,20.94
2025-05-04,44935.0,13.0,1,6,True,True,1,6.590006844626968,13.446084414887167,快晴,7.7,9.1,28.94
2025-05-05,39125.0,7.7,1,0,False,True,1,6.5927446954141,13.474940132437409,晴れ,6.73,9.1,19.65
2025-05-06,22510.0,0.2,0,1,False,True,1,6.595482546201232,13.503434842011178,曇り・雨,2.6300000000000003,0.0,7.94
2025-05-07,61080.0,10.5,1,2,False,False,0,6.598220396988364,13.531557340856347,晴れ,9.53,9.1,27.11
2025-05-08,62540.0,11.3,1,3,False,False,0,6.6009582477754964,13.559296322870177,快晴,6.000000000000001,9.1,27.17
2025-05-09,5415.0,0.0,0,4,False,False,0,6.6036960985626285,13.586640387524545,曇り・雨,2.43,0.0,2.06
2025-05-10,45420.0,9.1,1,5,True,False,1,6.606433949349761,13.613578049499889,晴れ,8.129999999999999,9.1,25.38
2025-05-11,21665.0,0.4,0,6,True,False,1,6.609171800136893,13.64009774902699,曇り・雨,2.83,0.0,8.17
2025-05-12,44495.0,12.0,1,0,False,False,0,6.611909650924025,13.666187862933171,快晴,6.7,9.1,26.31
2025-05-13,51895.0,12.6,1,1,False,False,0,6.614647501711157,13.691836716386437,快晴,7.3,9.1,27.93
2025-05-14,56935.0,9.8,1,2,False,False,0,6.617385352498289,13.71703259532821,晴れ,8.83,9.1,25.09
2025-05-15,52410.0,4.6,1,3,False,False,0,6.620123203285421,13.741763759582074,薄曇り〜曇り,7.34,5.7,18.88
2025-05-16,30590.0,0.2,0,4,False,False,0,6.622861054072553,13.766018456622673,曇り・雨,2.6300000000000003,0.0,10.12
2025-05-17,22770.0,2.6,0,5,True,False,1,6.625598904859685,13.789784935985415,曇り・雨,5.03,0.0,13.37
2025-05-18,21640.0,0.8,0,6,True,False,1,6.628336755646817,13.81305146429425,曇り・雨,3.2300000000000004,0.0,10.44
2025-05-19,42270.0,9.4,1,0,False,False,0,6.631074606433949,13.835806340881074,晴れ,8.43,9.1,22.45
2025-05-20,47590.0,7.7,0,1,False,False,0,6.633812457221081,13.85803791396665,晴れ,6.73,9.1,24.41
2025-05-21,10115.0,0.7,0,2,False,False,0,6.636550308008213,13.879734597369325,曇り・雨,3.13,0.0,7.41
2025-05-22,43770.0,0.0,1,3,False,False,0,6.639288158795345,13.900884887704006,曇り・雨,2.43,0.0,3.38
2025-05-23,46320.0,3.6,1,4,False,False,0,6.6420260095824775,13.921477382030147,薄曇り〜曇り,6.34,5.7,16.04
2025-05-24,11120.0,0.0,0,5,True,False,1,6.6447638603696095,13.941500795903929,曇り・雨,2.43,0.0,4.02
2025-05-25,36940.0,3.4,1,6,True,False,1,6.647501711156742,13.960943981786077,薄曇り〜曇り,6.140000000000001,5.7,13.29
2025-05-26,40815.0,4.8,1,0,False,False,0,6.650239561943874,13.979795947753377,薄曇り〜曇り,7.54,5.7,18.27
2025-05-27,60475.0,13.3,1,1,False,False,0,6.652977412731006,13.998045876458507,快晴,8.0,9.1,29.31
2025-05-28,53350.0,9.8,1,2,False,False,0,6.655715263518139,14.015683144279617,晴れ,8.83,9.1,23.57
2025-05-29,23930.0,1.0,0,3,False,False,0,6.658453114305271,14.03269734059815,曇り・雨,3.43,0.0,12.93
2025-05-30,36905.0,3.3,0,4,False,False,0,6.661190965092403,14.049078287140494,薄曇り〜曇り,6.04,5.7,17.52
2025-05-31,53080.0,11.6,1,5,True,False,1,6.663928815879535,14.064816057316735,快晴,6.3,9.1,27.58
2025-06-01,46905.0,12.8,1,6,True,False,1,6.666666666666667,14.079900995487389,快晴,7.500000000000001,9.1,28.28
2025-06-02,18770.0,0.0,0,0,False,False,0,6.669404517453799,14.09432373608728,曇り・雨,2.43,0.0,9.11
2025-06-03,27030.0,2.7,0,1,False,False,0,6.672142368240931,14.108075222534115,曇り・雨,5.130000000000001,0.0,12.62
2025-06-04,58740.0,12.5,1,2,False,False,0,6.674880219028063,14.121146725848265,快晴,7.2,9.1,29.75
2025-06-05,63370.0,12.5,1,3,False,False,0,6.677618069815195,14.133529862909443,快晴,7.2,9.1,29.46
2025-06-06,58240.0,5.3,1,4,False,False,0,6.680355920602327,14.145216614275846,薄曇り〜曇り,8.04,5.7,20.5
2025-06-07,40480.0,0.2,0,5,True,False,1,6.683093771389459,14.156199341491366,曇り・雨,2.6300000000000003,0.0,9.79
2025-06-08,15955.0,0.0,0,6,True,False,1,6.685831622176591,14.16647080380724,曇り・雨,2.43,0.0,7.63
2025-06-09,8440.0,0.0,0,0,False,False,0,6.6885694729637235,14.176024174245576,曇り・雨,2.43,0.0,5.96
2025-06-10,13345.0,0.1,0,1,False,False,0,6.691307323750856,14.184853054933804,曇り・雨,2.5300000000000002,0.0,6.89
2025-06-11,28700.0,0.1,0,2,False,False,0,6.694045174537988,14.19295149164129,曇り・雨,2.5300000000000002,0.0,9.38
2025-06-12,23675.0,0.0,0,3,False,False,0,6.69678302532512,14.200313987451876,曇り・雨,2.43,0.0,5.81
2025-06-13,42340.0,1.4,0,4,False,False,0,6.699520876112252,14.20693551550919,曇り・雨,3.83,0.0,13.22
2025-06-14,18615.0,0.0,0,5,True,False,1,6.702258726899384,14.212811530775161,曇り・雨,2.43,0.0,3.6
2025-06-15,27305.0,3.4,0,6,True,False,1,6.704996577686516,14.217937980746093,薄曇り〜曇り,6.140000000000001,5.7,15.8
2025-06-16,39515.0,1.3,0,0,False,False,0,6.707734428473648,14.222311315075144,曇り・雨,3.7300000000000004,0.0,10.81
2025-06-17,60175.0,8.3,1,1,False,False,0,6.71047227926078,14.225928494054779,晴れ,7.330000000000001,9.1,25.7
2025-06-18,58290.0,10.0,0,2,False,False,0,6.713210130047912,14.228786995918016,晴れ,9.03,9.1,24.54
2025-06-19,70775.0,12.6,1,3,False,False,0,6.715947980835044,14.23088482292273,快晴,7.3,9.1,27.13
2025-06-20,66245.0,10.1,0,4,False,False,0,6.718685831622176,14.232220506189085,晴れ,9.129999999999999,9.1,24.78
2025-06-21,48950.0,0.7,0,5,True,False,1,6.721423682409308,14.232793109266195,曇り・雨,3.13,0.0,9.97
2025-06-22,34505.0,0.0,0,6,True,False,1,6.72416153319644,14.232602230410311,曇り・雨,2.43,0.0,7.75
2025-06-23,22420.0,0.1,0,0,False,False,0,6.7268993839835725,14.23164800356321,曇り・雨,2.5300000000000002,0.0,9.41
2025-06-24,24305.0,0.0,0,1,False,False,0,6.729637234770705,14.22993109802594,曇り・雨,2.43,0.0,5.85
2025-06-25,36375.0,1.0,0,2,False,False,0,6.7323750855578375,14.227452716829506,曇り・雨,3.43,0.0,9.14
2025-06-26,44195.0,6.7,0,3,False,False,0,6.7351129363449695,14.224214593810629,晴れ,5.73,9.1,21.46
2025-06-27,65210.0,13.4,0,4,False,False,0,6.737850787132102,14.220218989407106,快晴,8.100000000000001,9.1,28.28
2025-06-28,68590.0,11.1,1,5,True,False,1,6.740588637919234,14.215468685193562,晴れ,10.129999999999999,9.1,26.97
2025-06-29,66730.0,12.3,1,6,True,False,1,6.743326488706366,14.209966977184571,快晴,7.000000000000001,9.1,28.36
2025-06-30,67355.0,10.2,0,0,False,False,0,6.746064339493498,14.203717667937985,晴れ,9.229999999999999,9.1,25.89
2025-07-01,64725.0,11.9,0,1,False,False,0,6.74880219028063,14.196725057497,快晴,6.6000000000000005,9.1,25.49
2025-07-02,64250.0,11.7,0,2,False,False,0,6.751540041067762,14.188993933214745,快晴,6.3999999999999995,9.1,26.63
2025-07-03,62340.0,11.7,0,3,False,False,0,6.754277891854894,14.180529558510328,快晴,6.3999999999999995,9.1,26.63
2025-07-04,58495.0,9.8,0,4,False,False,0,6.757015742642026,14.171337660609705,晴れ,8.83,9.1,24.13
2025-07-05,61940.0,10.7,0,5,True,False,1,6.759753593429158,14.161424417329062,晴れ,9.729999999999999,9.1,26.24
2025-07-06,65055.0,11.9,0,6,True,False,1,6.76249144421629,14.15079644296216,快晴,6.6000000000000005,9.1,26.67
2025-07-07,65325.0,9.5,0,0,False,False,0,6.765229295003422,14.139460773336346,晴れ,8.53,9.1,23.67
2025-07-08,61185.0,9.9,0,1,False,False,0,6.767967145790554,14.127424850104802,晴れ,8.93,9.1,25.66
2025-07-09,58665.0,5.7,0,2,False,False,0,6.770704996577686,14.114696504345009,晴れ,4.73,9.1,20.66
2025-07-10,43950.0,11.4,0,3,False,False,0,6.7734428473648185,14.101283939535145,快晴,6.1000000000000005,9.1,26.11
2025-07-11,37935.0,4.3,0,4,False,False,0,6.776180698151951,14.08719571398165,薄曇り〜曇り,7.04,5.7,17.69
2025-07-12,46205.0,4.3,0,5,True,False,1,6.778918548939083,14.072440722772015,薄曇り〜曇り,7.04,5.7,15.28
2025-07-13,36660.0,5.4,0,6,True,False,1,6.781656399726215,14.05702817932723,薄曇り〜曇り,8.14,5.7,18.44
2025-07-14,36690.0,3.8,0,0,False,False,0,6.784394250513347,14.040967596628356,薄曇り〜曇り,6.54,5.7,11.8
2025-07-15,59515.0,7.0,0,1,False,False,0,6.787132101300479,14.024268768191197,晴れ,6.03,9.1,19.97
2025-07-16,49085.0,8.1,0,2,False,False,0,6.789869952087611,14.006941748861998,晴れ,7.13,9.1,23.14
2025-07-17,57965.0,8.9,0,3,False,False,0,6.792607802874743,13.98899683550596,晴れ,7.930000000000001,9.1,24.17
2025-07-18,12190.0,0.2,0,4,False,False,0,6.795345653661875,13.970444547658545,曇り・雨,2.6300000000000003,0.0,3.41
2025-07-19,50215.0,3.6,1,5,True,False,1,6.798083504449007,13.951295608207523,薄曇り〜曇り,6.34,5.7,18.28
2025-07-20,56475.0,8.5,1,6,True,False,1,6.80082135523614,13.931560924171414,晴れ,7.53,9.1,23.27
2025-07-21,64845.0,11.1,0,0,False,True,1,6.803559206023272,13.911251567637255,晴れ,10.129999999999999,9.1,24.82
2025-07-22,69220.0,11.6,0,1,False,False,0,6.806297056810404,13.89037875691781,快晴,6.3,9.1,27.15
2025-07-23,67120.0,13.5,0,2,False,False,0,6.809034907597536,13.868953837985188,快晴,8.2,9.1,27.91
2025-07-24,63790.0,10.2,0,3,False,False,0,6.811772758384668,13.846988266234568,晴れ,9.229999999999999,9.1,24.97
2025-07-25,52590.0,11.4,0,4,False,False,0,6.8145106091718,13.824493588628266,快晴,6.1000000000000005,9.1,25.11
2025-07-26,49155.0,11.9,0,5,True,False,1,6.8172484599589325,13.801481426266877,快晴,6.6000000000000005,9.1,25.69
2025-07-27,57490.0,11.9,0,6,True,False,1,6.8199863107460645,13.777963457430513,快晴,6.6000000000000005,9.1,25.45
2025-07-28,71530.0,12.9,0,0,False,False,0,6.822724161533197,13.75395140112952,快晴,7.6000000000000005,9.1,27.22
2025-07-29,70370.0,13.1,0,1,False,False,0,6.825462012320329,13.729457001200323,快晴,7.8,9.1,28.1
2025-07-30,72635.0,13.1,0,2,False,False,0,6.828199863107461,13.704492010978322,快晴,7.8,9.1,28.0
2025-07-31,62995.0,13.0,0,3,False,False,0,6.830937713894593,13.67906817857606,快晴,7.7,9.1,27.73
2025-08-01,73480.0,12.0,0,4,False,False,0,6.833675564681725,13.653197232791292,快晴,6.7,9.1,27.07
2025-08-02,73705.0,11.8,0,5,True,False,1,6.836413415468857,13.626890869665981,快晴,6.500000000000001,9.1,27.07
2025-08-03,69150.0,10.8,0,6,True,False,1,6.839151266255989,13.600160739713779,晴れ,9.83,9.1,23.72
2025-08-04,34775.0,1.3,0,0,False,False,0,6.841889117043121,13.573018435830209,曇り・雨,3.7300000000000004,0.0,11.34
2025-08-05,60480.0,7.3,0,1,False,False,0,6.844626967830253,13.54547548189653,晴れ,6.33,9.1,20.99
2025-08-06,54555.0,5.5,0,2,False,False,0,6.847364818617385,13.517543322085114,晴れ,4.53,9.1,16.45
2025-08-07,18895.0,0.4,0,3,False,False,0,6.850102669404517,13.48923331087133,曇り・雨,2.83,0.0,10.57
2025-08-08,30175.0,0.9,0,4,False,False,0,6.852840520191649,13.46055670375401,曇り・雨,3.33,0.0,10.29
2025-08-09,16185.0,0.0,0,5,True,False,1,6.855578370978781,13.431524648684064,曇り・雨,2.43,0.0,4.15
2025-08-10,9730.0,0.0,0,6,True,False,1,6.8583162217659135,13.40214817819824,曇り・雨,2.43,0.0,1.05
2025-08-11,10360.0,0.0,0,0,False,True,1,6.861054072553046,13.372438202252882,曇り・雨,2.43,0.0,2.84
2025-08-12,48815.0,3.1,0,1,False,False,0,6.863791923340178,13.342405501750308,薄曇り〜曇り,5.84,5.7,14.25
2025-08-13,64035.0,6.9,0,2,False,False,0,6.86652977412731,13.312060722748557,晴れ,5.930000000000001,9.1,19.6
2025-08-14,66820.0,12.1,0,3,False,False,0,6.869267624914442,13.281414371343528,快晴,6.8,9.1,25.84
2025-08-15,68000.0,12.1,0,4,False,False,0,6.872005475701574,13.25047680921085,快晴,6.8,9.1,26.36
2025-08-16,64990.0,12.7,0,5,True,False,1,6.874743326488707,13.219258249793521,快晴,7.3999999999999995,9.1,26.11
2025-08-17,56005.0,12.0,0,6,True,False,1,6.877481177275839,13.187768755120002,快晴,6.7,9.1,25.74
2025-08-18,64250.0,12.3,0,0,False,False,0,6.880219028062971,13.156018233236434,快晴,7.000000000000001,9.1,24.77
2025-08-19,57800.0,9.6,0,1,False,False,0,6.882956878850103,13.1240164362356,晴れ,8.629999999999999,9.1,22.77
2025-08-20,44395.0,7.2,0,2,False,False,0,6.885694729637235,13.09177295886456,晴れ,6.23,9.1,18.62
2025-08-21,36925.0,7.7,0,3,False,False,0,6.888432580424367,13.059297237692153,晴れ,6.73,9.1,17.58
2025-08-22,40320.0,11.0,0,4,False,False,0,6.891170431211499,13.026598550817024,快晴,5.7,9.1,24.05
2025-08-23,52815.0,7.5,0,5,True,False,1,6.893908281998631,12.993686018096447,晴れ,6.53,9.1,19.22
2025-08-24,53360.0,7.7,0,6,True,False,1,6.896646132785763,12.960568601875877,晴れ,6.73,9.1,20.0
2025-08-25,54890.0,6.7,0,0,False,False,0,6.899383983572895,12.927255108198995,晴れ,5.73,9.1,18.07
2025-08-26,56840.0,8.1,0,1,False,False,0,6.9021218343600275,12.89375418847788,晴れ,7.13,9.1,17.05
2025-08-27,50885.0,7.2,0,2,False,False,0,6.9048596851471595,12.860074341602939,晴れ,6.23,9.1,17.14
2025-08-28,52155.0,8.9,0,3,False,False,0,6.907597535934292,12.82622391647227,晴れ,7.930000000000001,9.1,19.26
2025-08-29,58765.0,11.4,0,4,False,False,0,6.910335386721424,12.792211114920267,快晴,6.1000000000000005,9.1,23.22
2025-08-30,51925.0,8.7,0,5,True,False,1,6.913073237508556,12.75804399502553,晴れ,7.7299999999999995,9.1,20.75
2025-08-31,47830.0,5.5,0,6,True,False,1,6.915811088295688,12.72373047477822,晴れ,4.53,9.1,13.94
2025-09-01,57940.0,6.7,0,0,False,False,0,6.91854893908282,12.689278336087558,晴れ,5.73,9.1,15.92
2025-09-02,46270.0,4.4,0,1,False,False,0,6.921286789869952,12.654695229110223,薄曇り〜曇り,7.140000000000001,5.7,10.85
2025-09-03,54975.0,10.9,0,2,False,False,0,6.924024640657084,12.619988676880961,快晴,5.6000000000000005,9.1,20.79
2025-09-04,12155.0,1.3,0,3,False,False,0,6.926762491444216,12.58516608022704,曇り・雨,3.7300000000000004,0.0,9.74
2025-09-05,55565.0,7.4,0,4,False,False,0,6.929500342231348,12.550234722948602,晴れ,6.430000000000001,9.1,19.18
2025-09-06,62520.0,10.7,0,5,True,False,1,6.93223819301848,12.515201777247361,快晴,5.3999999999999995,9.1,22.5
2025-09-07,57520.0,8.9,0,6,True,False,1,6.934976043805612,12.48007430938661,晴れ,7.930000000000001,9.1,18.06
2025-09-08,50185.0,3.3,0,0,False,False,0,6.937713894592744,12.44485928556582,薄曇り〜曇り,6.04,5.7,12.07
2025-09-09,58440.0,6.6,0,1,False,False,0,6.940451745379876,12.409563577993655,晴れ,5.63,9.1,17.29
2025-09-10,14265.0,2.2,0,2,False,False,0,6.9431895961670085,12.374193971143582,曇り・雨,4.630000000000001,0.0,9.15
2025-09-11,45060.0,4.9,0,3,False,False,0,6.945927446954141,12.33875716817668,薄曇り〜曇り,7.640000000000001,5.7,15.02
2025-09-12,38635.0,1.3,0,4,False,False,0,6.9486652977412735,12.30325979751669,曇り・雨,3.7300000000000004,0.0,10.26
2025-09-13,38415.0,0.8,0,5,True,False,1,6.951403148528406,12.267708419562661,曇り・雨,3.2300000000000004,0.0,9.5
2025-09-14,44615.0,2.9,0,6,True,False,1,6.954140999315538,12.232109533524966,薄曇り〜曇り,5.640000000000001,5.7,11.0
2025-09-15,51920.0,8.2,0,0,False,True,1,6.95687885010267,12.19646958437075,晴れ,7.2299999999999995,9.1,17.11
2025-09-16,53050.0,6.8,0,1,False,False,0,6.959616700889802,12.160794969865195,晴れ,5.83,9.1,15.28
2025-09-17,38430.0,6.0,0,2,False,False,0,6.962354551676934,12.125092047695267,晴れ,5.03,9.1,13.14
2025-09-18,31630.0,1.5,0,3,False,False,0,6.965092402464066,12.08936714266281,曇り・雨,3.93,0.0,8.45
2025-09-19,52945.0,8.3,0,4,False,False,0,6.967830253251198,12.053626553934135,晴れ,7.330000000000001,9.1,19.53
2025-09-20,29945.0,1.0,0,5,True,False,1,6.97056810403833,12.01787656233332,曇り・雨,3.43,0.0,7.22
2025-09-21,47665.0,7.4,1,6,True,False,1,6.973305954825462,11.98212343766668,晴れ,6.430000000000001,9.1,18.86
2025-09-22,35985.0,6.5,0,0,False,False,0,6.976043805612594,11.946373446065865,晴れ,5.53,9.1,17.42
2025-09-23,33185.0,3.5,0,1,False,True,1,6.978781656399726,11.91063285733719,薄曇り〜曇り,6.24,5.7,12.81
2025-09-24,28395.0,3.7,0,2,False,False,0,6.981519507186858,11.874907952304735,薄曇り〜曇り,6.44,5.7,13.28
2025-09-25,36135.0,6.1,0,3,False,False,0,6.98425735797399,11.839205030134805,晴れ,5.13,9.1,15.9
2025-09-26,43395.0,2.7,0,4,False,False,0,6.9869952087611225,11.803530415629252,薄曇り〜曇り,5.44,5.7,13.61
2025-09-27,25480.0,0.2,0,5,True,False,1,6.9897330595482545,11.767890466475032,曇り・雨,2.6300000000000003,0.0,6.96
2025-09-28,26795.0,2.7,0,6,True,False,1,6.992470910335387,11.732291580437339,薄曇り〜曇り,5.44,5.7,11.17
2025-09-29,33385.0,2.2,0,0,False,False,0,6.995208761122519,11.696740202483312,曇り・雨,4.630000000000001,0.0,9.1
2025-09-30,52035.0,5.0,0,1,False,False,0,6.997946611909651,11.661242831823321,晴れ,4.03,9.1,16.13
2025-10-01,56155.0,10.6,0,2,False,False,0,7.000684462696783,11.62580602885642,快晴,5.3,9.1,20.13
2025-10-02,55920.0,5.4,0,3,False,False,0,7.003422313483915,11.590436422006345,晴れ,4.430000000000001,9.1,15.06
2025-10-03,18615.0,0.0,0,4,False,False,0,7.006160164271047,11.555140714434181,曇り・雨,2.43,0.0,3.98
2025-10-04,21485.0,0.2,0,5,True,False,1,7.008898015058179,11.519925690613391,曇り・雨,2.6300000000000003,0.0,4.39
2025-10-05,47195.0,5.8,0,6,True,False,1,7.011635865845311,11.48479822275264,晴れ,4.83,9.1,14.96
2025-10-06,56035.0,8.8,0,0,False,False,0,7.014373716632443,11.4497652770514,晴れ,7.830000000000001,9.1,16.76
2025-10-07,52250.0,5.3,0,1,False,False,0,7.017111567419575,11.41483391977296,晴れ,4.33,9.1,13.23
2025-10-08,39260.0,0.6,0,2,False,False,0,7.019849418206708,11.38001132311904,曇り・雨,3.0300000000000002,0.0,9.44
2025-10-09,52295.0,9.5,0,3,False,False,0,7.02258726899384,11.345304770889777,快晴,4.2,9.1,17.21
2025-10-10,57070.0,10.8,0,4,False,False,0,7.025325119780972,11.310721663912442,快晴,5.500000000000001,9.1,18.94
2025-10-11,46005.0,10.8,0,5,True,False,1,7.028062970568104,11.276269525221782,快晴,5.500000000000001,9.1,18.33
2025-10-12,52500.0,7.1,0,6,True,False,1,7.030800821355236,11.241956004974472,晴れ,6.13,9.1,15.19
2025-10-13,55490.0,9.5,0,0,False,True,1,7.0335386721423685,11.207788885079731,快晴,4.2,9.1,17.67
2025-10-14,46620.0,5.9,0,1,False,False,0,7.036276522929501,11.173776083527732,晴れ,4.930000000000001,9.1,12.52
2025-10-15,43685.0,4.8,0,2,False,False,0,7.039014373716633,11.13992565839706,晴れ,3.83,9.1,12.6
2025-10-16,38065.0,0.8,0,3,False,False,0,7.041752224503765,11.106245811522118,曇り・雨,3.2300000000000004,0.0,5.68
2025-10-17,54680.0,10.0,0,4,False,False,0,7.044490075290897,11.072744891801005,快晴,4.7,9.1,17.98
2025-10-18,24900.0,1.8,0,5,True,False,1,7.047227926078029,11.039431398124123,曇り・雨,4.23,0.0,7.66
2025-10-19,29580.0,0.0,0,6,True,False,1,7.049965776865161,11.006313981903551,曇り・雨,2.43,0.0,4.68
2025-10-20,27030.0,5.1,0,0,False,False,0,7.052703627652293,10.973401449182974,晴れ,4.13,9.1,13.51
2025-10-21,21870.0,1.8,0,1,False,False,0,7.055441478439425,10.940702762307847,曇り・雨,4.23,0.0,11.1
2025-10-22,7610.0,0.0,0,2,False,False,0,7.058179329226557,10.90822704113544,曇り・雨,2.43,0.0,4.53
2025-10-23,31550.0,9.4,0,3,False,False,0,7.060917180013689,10.8759835637644,快晴,4.1000000000000005,9.1,16.32
2025-10-24,30635.0,9.8,0,4,False,False,0,7.063655030800821,10.843981766763564,快晴,4.500000000000001,9.1,16.61
2025-10-25,28090.0,0.8,0,5,True,False,1,7.066392881587953,10.812231244879996,曇り・雨,3.2300000000000004,0.0,6.66
2025-10-26,36865.0,3.6,1,6,True,False,1,7.069130732375085,10.78074175020648,薄曇り〜曇り,6.34,5.7,8.69
2025-10-27,43660.0,6.9,1,0,False,False,0,7.0718685831622174,10.74952319078915,晴れ,5.930000000000001,9.1,13.47
2025-10-28,44315.0,5.5,1,1,False,False,0,7.0746064339493495,10.718585628656472,晴れ,4.53,9.1,12.1
2025-10-29,46630.0,10.4,1,2,False,False,0,7.077344284736482,10.687939277251441,快晴,5.1000000000000005,9.1,16.79
2025-10-30,41275.0,7.9,1,3,False,False,0,7.080082135523614,10.657594498249694,晴れ,6.930000000000001,9.1,14.14
2025-10-31,8580.0,0.2,0,4,False,False,0,7.082819986310746,10.627561797747116,曇り・雨,2.6300000000000003,0.0,3.32
2025-11-01,37405.0,6.6,1,5,True,False,1,7.085557837097878,10.597851821801761,晴れ,5.63,9.1,13.53
2025-11-02,28515.0,4.3,1,6,True,False,1,7.08829568788501,10.568475351315936,晴れ,3.33,9.1,8.94
2025-11-03,40885.0,5.6,1,0,False,True,1,7.091033538672143,10.53944329624599,晴れ,4.63,9.1,10.67
2025-11-04,28335.0,3.9,0,1,False,False,0,7.093771389459275,10.510766689128673,薄曇り〜曇り,6.640000000000001,5.7,10.22
2025-11-05,19850.0,5.2,0,2,False,False,0,7.096509240246407,10.482456677914888,晴れ,4.23,9.1,10.79
2025-11-06,44620.0,9.3,1,3,False,False,0,7.099247091033539,10.45452451810347,快晴,4.000000000000001,9.1,14.3
2025-11-07,44685.0,10.0,1,4,False,False,0,7.101984941820671,10.42698156416979,快晴,4.7,9.1,14.82
2025-11-08,38495.0,6.3,1,5,True,False,1,7.104722792607803,10.399839260286221,晴れ,5.33,9.1,12.04
2025-11-09,16460.0,0.7,0,6,True,False,1,7.107460643394935,10.373109130334019,曇り・雨,3.13,0.0,4.97
2025-11-10,35870.0,8.9,1,0,False,False,0,7.110198494182067,10.346802767208708,快晴,3.6000000000000005,9.1,14.49
2025-11-11,18835.0,4.2,0,1,False,False,0,7.112936344969199,10.320931821423939,晴れ,3.2300000000000004,9.1,9.77
2025-11-12,13460.0,0.8,0,2,False,False,0,7.115674195756331,10.295507989021678,曇り・雨,3.2300000000000004,0.0,6.84
2025-11-13,8540.0,0.0,0,3,False,False,0,7.1184120465434635,10.270542998799677,曇り・雨,2.43,0.0,4.71
2025-11-14,44730.0,8.6,1,4,False,False,0,7.121149897330596,10.24604859887048,快晴,3.3,9.1,13.58
2025-11-15,40385.0,9.6,1,5,True,False,1,7.123887748117728,10.222036542569487,快晴,4.3,9.1,13.66
2025-11-16,36515.0,9.5,1,6,True,False,1,7.12662559890486,10.198518573733121,快晴,4.2,9.1,13.66
2025-11-17,24010.0,2.2,0,0,False,False,0,7.129363449691992,10.175506411371734,薄曇り〜曇り,4.94,5.7,7.33
2025-11-18,20525.0,1.0,0,1,False,False,0,7.132101300479124,10.153011733765432,曇り・雨,3.43,0.0,4.29
2025-11-19,26810.0,0.9,0,2,False,False,0,7.134839151266256,10.13104616201481,曇り・雨,3.33,0.0,5.38
2025-11-20,32950.0,4.5,0,3,False,False,0,7.137577002053388,10.109621243082191,晴れ,3.5300000000000002,9.1,9.71
2025-11-21,38900.0,8.2,1,4,False,False,0,7.14031485284052,10.088748432362745,快晴,2.8999999999999995,9.1,12.52
2025-11-22,42865.0,9.3,1,5,True,False,1,7.143052703627652,10.068439075828586,快晴,4.000000000000001,9.1,12.9
2025-11-23,39105.0,8.3,1,6,True,True,1,7.145790554414784,10.048704391792477,快晴,3.000000000000001,9.1,12.49
2025-11-24,30520.0,2.0,0,0,False,True,1,7.148528405201916,10.029555452341455,曇り・雨,4.43,0.0,7.11
2025-11-25,24195.0,2.4,0,1,False,False,0,7.151266255989048,10.01100316449404,薄曇り〜曇り,5.140000000000001,5.7,5.03
2025-11-26,35680.0,0.1,1,2,False,False,0,7.15400410677618,9.993058251138,曇り・雨,2.5300000000000002,0.0,3.07
2025-11-27,31525.0,3.5,0,3,False,False,0,7.156741957563312,9.975731231808803,薄曇り〜曇り,6.24,5.7,7.44
2025-11-28,35915.0,2.5,1,4,False,False,0,7.1594798083504445,9.959032403371644,薄曇り〜曇り,5.24,5.7,7.59
2025-11-29,36240.0,9.3,1,5,True,False,1,7.162217659137577,9.942971820672772,快晴,4.000000000000001,9.1,12.71
2025-11-30,30610.0,6.5,1,6,True,False,1,7.1649555099247095,9.927559277227983,晴れ,5.53,9.1,10.84
2025-12-01,28185.0,4.9,0,0,False,False,0,7.167693360711842,9.912804286018348,晴れ,3.9300000000000006,9.1,8.67
2025-12-02,26855.0,6.0,0,1,False,False,0,7.170431211498974,9.898716060464855,晴れ,5.03,9.1,9.77
2025-12-03,26180.0,2.5,0,2,False,False,0,7.173169062286106,9.88530349565499,薄曇り〜曇り,5.24,5.7,6.73
2025-12-04,31035.0,0.9,0,3,False,False,0,7.175906913073238,9.872575149895196,曇り・雨,3.33,0.0,4.37
2025-12-05,38175.0,5.7,0,4,False,False,0,7.17864476386037,9.860539226663656,晴れ,4.73,9.1,9.64
2025-12-06,37800.0,7.7,0,5,True,False,1,7.181382614647502,9.849203557037837,晴れ,6.73,9.1,11.92
2025-12-07,34615.0,5.3,1,6,True,False,1,7.184120465434634,9.838575582670936,晴れ,4.33,9.1,8.62
2025-12-08,30105.0,4.0,0,0,False,False,0,7.186858316221766,9.828662339390293,晴れ,3.0300000000000002,9.1,8.01
2025-12-09,41175.0,8.8,0,1,False,False,0,7.189596167008898,9.81947044148967,快晴,3.500000000000001,9.1,12.05
2025-12-10,40745.0,7.5,0,2,False,False,0,7.19233401779603,9.811006066785255,晴れ,6.53,9.1,11.47
2025-12-11,17950.0,1.6,0,3,False,False,0,7.195071868583162,9.803274942503,曇り・雨,4.03,0.0,5.31
2025-12-12,36705.0,4.2,0,4,False,False,0,7.197809719370294,9.796282332062013,晴れ,3.2300000000000004,9.1,8.93
2025-12-13,7705.0,0.4,0,5,True,False,1,7.200547570157426,9.790033022815427,曇り・雨,2.83,0.0,2.9
2025-12-14,23300.0,1.0,0,6,True,False,1,7.2032854209445585,9.784531314806436,曇り・雨,3.43,0.0,3.45
2025-12-15,35260.0,4.1,0,0,False,False,0,7.2060232717316905,9.779781010592892,晴れ,3.13,9.1,8.1
2025-12-16,34345.0,3.1,0,1,False,False,0,7.208761122518823,9.77578540618937,薄曇り〜曇り,5.84,5.7,6.61
2025-12-17,20370.0,2.2,0,2,False,False,0,7.211498973305955,9.772547283170494,薄曇り〜曇り,4.94,5.7,4.99
2025-12-18,39655.0,1.8,0,3,False,False,0,7.214236824093087,9.770068901974058,曇り・雨,4.23,0.0,5.96
2025-12-19,35200.0,7.9,0,4,False,False,0,7.216974674880219,9.768351996436788,快晴,2.6000000000000005,9.1,11.03
2025-12-20,23685.0,5.2,0,5,True,False,1,7.219712525667351,9.767397769589689,晴れ,4.23,9.1,9.19
2025-12-21,19065.0,1.1,0,6,True,False,1,7.222450376454483,9.767206890733803,曇り・雨,3.5300000000000002,0.0,4.85
2025-12-22,40625.0,5.5,0,0,False,False,0,7.225188227241615,9.767779493810915,晴れ,4.53,9.1,9.5
2025-12-23,38510.0,6.7,0,1,False,False,0,7.227926078028747,9.76911517707727,晴れ,5.73,9.1,9.93
2025-12-24,12740.0,0.4,0,2,False,False,0,7.230663928815879,9.771213004081984,曇り・雨,2.83,0.0,4.12
2025-12-25,14095.0,0.9,0,3,False,False,0,7.233401779603011,9.77407150594522,曇り・雨,3.33,0.0,3.68
2025-12-26,30435.0,0.9,0,4,False,False,0,7.236139630390143,9.777688684924854,曇り・雨,3.33,0.0,4.39
2025-12-27,35810.0,1.4,0,5,True,False,1,7.238877481177276,9.782062019253905,曇り・雨,3.83,0.0,5.01
2025-12-28,37100.0,4.9,1,6,True,False,1,7.241615331964408,9.787188469224839,晴れ,3.9300000000000006,9.1,8.48
2025-12-29,29715.0,1.7,0,0,False,False,0,7.24435318275154,9.79306448449081,曇り・雨,4.13,0.0,4.8
2025-12-30,26235.0,3.7,1,1,False,False,0,7.2470910335386725,9.799686012548124,薄曇り〜曇り,6.44,5.7,7.66
2025-12-31,30970.0,3.6,1,2,False,False,0,7.2498288843258045,9.80704850835871,薄曇り〜曇り,6.34,5.7,7.48
2026-01-01,25485.0,1.7,1,3,False,True,1,7.252566735112937,9.815146945066195,曇り・雨,4.13,0.0,5.2
2026-01-02,27745.0,3.6,0,4,False,False,0,7.255304585900069,9.823975825754422,薄曇り〜曇り,6.34,5.7,8.04
2026-01-03,37275.0,7.0,1,5,True,False,1,7.258042436687201,9.833529196192758,晴れ,6.03,9.1,11.56
2026-01-04,24670.0,0.8,0,6,True,False,1,7.260780287474333,9.843800658508634,曇り・雨,3.2300000000000004,0.0,4.1
2026-01-05,20890.0,1.4,0,0,False,False,0,7.263518138261465,9.854783385724152,曇り・雨,3.83,0.0,4.66
2026-01-06,45905.0,9.0,1,1,False,False,0,7.266255989048597,9.866470137090555,快晴,3.7,9.1,12.45
2026-01-07,39150.0,4.6,1,2,False,False,0,7.268993839835729,9.878853274151734,晴れ,3.63,9.1,8.26
2026-01-08,39010.0,8.0,0,3,False,False,0,7.271731690622861,9.891924777465883,快晴,2.7,9.1,12.29
2026-01-09,45420.0,7.6,0,4,False,False,0,7.274469541409993,9.90567626391272,晴れ,6.63,9.1,12.66
2026-01-10,36285.0,6.3,1,5,True,False,1,7.277207392197125,9.92009900451261,晴れ,5.33,9.1,10.6
2026-01-11,26265.0,2.7,0,6,True,False,1,7.279945242984257,9.935183942683263,薄曇り〜曇り,5.44,5.7,7.66
2026-01-12,30420.0,0.9,0,0,False,True,1,7.282683093771389,9.950921712859504,曇り・雨,3.33,0.0,5.47
2026-01-13,36270.0,7.3,1,1,False,False,0,7.285420944558521,9.96730265940185,晴れ,6.33,9.1,11.82
2026-01-14,46865.0,9.3,1,2,False,False,0,7.2881587953456535,9.984316855720381,快晴,4.000000000000001,9.1,12.9
2026-01-15,33740.0,6.6,0,3,False,False,0,7.2908966461327855,10.001954123541493,晴れ,5.63,9.1,10.63
2026-01-16,42680.0,9.1,1,4,False,False,0,7.293634496919918,10.020204052246623,快晴,3.8,9.1,12.63
2026-01-17,38755.0,8.3,1,5,True,False,1,7.29637234770705,10.039056018213923,快晴,3.000000000000001,9.1,12.56
2026-01-18,33220.0,8.6,1,6,True,False,1,7.299110198494182,10.058499204096071,快晴,3.3,9.1,12.75
2026-01-19,38895.0,6.8,0,0,False,False,0,7.301848049281314,10.07852261796985,晴れ,5.83,9.1,11.09
2026-01-20,31090.0,0.4,0,1,False,False,0,7.304585900068446,10.099115112295992,曇り・雨,2.83,0.0,4.97
2026-01-21,31995.0,4.5,0,2,False,False,0,7.307323750855578,10.120265402630674,晴れ,3.5300000000000002,9.1,10.55
2026-01-22,41325.0,6.9,0,3,False,False,0,7.310061601642711,10.14196208603335,晴れ,5.930000000000001,9.1,12.64
2026-01-23,39890.0,1.9,0,4,False,False,0,7.312799452429843,10.164193659118924,曇り・雨,4.33,0.0,6.9
2026-01-24,31210.0,3.4,0,5,True,False,1,7.315537303216975,10.186948535705747,薄曇り〜曇り,6.140000000000001,5.7,6.91
2026-01-25,46430.0,8.1,1,6,True,False,1,7.318275154004107,10.210215064014584,晴れ,7.13,9.1,12.67
2026-01-26,43190.0,5.9,0,0,False,False,0,7.321013004791239,10.233981543377325,晴れ,4.930000000000001,9.1,10.99
2026-01-27,28905.0,2.8,0,1,False,False,0,7.323750855578371,10.258236240417924,薄曇り〜曇り,5.54,5.7,7.19
2026-01-28,51445.0,9.0,0,2,False,False,0,7.326488706365503,10.28296740467179,快晴,3.7,9.1,13.62
2026-01-29,44260.0,3.9,0,3,False,False,0,7.329226557152635,10.308163283613561,薄曇り〜曇り,6.640000000000001,5.7,9.65
2026-01-30,47695.0,7.5,1,4,False,False,0,7.3319644079397674,10.333812137066827,晴れ,6.53,9.1,12.92
2026-01-31,34660.0,6.1,0,5,True,False,1,7.3347022587268995,10.35990225097301,晴れ,5.13,9.1,11.45
2026-02-01,43650.0,3.0,0,6,True,False,1,7.337440109514032,10.386421950500111,薄曇り〜曇り,5.74,5.7,8.95
2026-02-02,38320.0,3.0,0,0,False,False,0,7.340177960301164,10.413359612475453,薄曇り〜曇り,5.74,5.7,6.52
2026-02-03,58715.0,10.0,1,1,False,False,0,7.342915811088296,10.440703677129822,快晴,4.7,9.1,15.94
2026-02-04,47590.0,3.0,0,2,False,False,0,7.345653661875428,10.468442659143651,薄曇り〜曇り,5.74,5.7,9.03
2026-02-05,26865.0,1.6,0,3,False,False,0,7.34839151266256,10.496565157988822,曇り・雨,4.03,0.0,7.57
2026-02-06,26050.0,2.8,0,4,False,False,0,7.351129363449692,10.52505986756259,薄曇り〜曇り,5.54,5.7,9.28
2026-02-07,25215.0,1.0,1,5,True,False,1,7.353867214236824,10.553915585112831,曇り・雨,3.43,0.0,5.04
2026-02-08,35155.0,2.8,0,6,True,False,1,7.356605065023956,10.583121219456336,薄曇り〜曇り,5.54,5.7,8.36
2026-02-09,59665.0,8.4,0,0,False,False,0,7.359342915811088,10.61266579849426,晴れ,7.430000000000001,9.1,16.23
2026-02-10,15825.0,0.4,0,1,False,False,0,7.36208076659822,10.64253847603102,曇り・雨,2.83,0.0,4.17
2026-02-11,30155.0,3.5,0,2,False,True,1,7.364818617385352,10.672728537904959,薄曇り〜曇り,6.24,5.7,9.41
2026-02-12,54815.0,9.5,1,3,False,False,0,7.367556468172484,10.703225407440916,快晴,4.2,9.1,16.69
2026-02-13,57130.0,9.6,1,4,False,False,0,7.370294318959616,10.734018650236571,快晴,4.3,9.1,15.38
2026-02-14,22340.0,1.6,0,5,True,False,1,7.3730321697467485,10.765097978295838,曇り・雨,4.03,0.0,4.09
2026-02-15,39450.0,4.7,1,6,True,False,1,7.3757700205338805,10.796453253524026,晴れ,3.7300000000000004,9.1,10.79
2026-02-16,32805.0,0.4,0,0,False,False,0,7.378507871321013,10.828074490600576,曇り・雨,2.83,0.0,6.89
2026-02-17,54265.0,10.5,1,1,False,False,0,7.381245722108145,10.859951859246248,快晴,5.2,9.1,17.73
2026-02-18,52435.0,9.6,1,2,False,False,0,7.383983572895278,10.892075685902512,快晴,4.3,9.1,17.58
2026-02-19,51545.0,7.2,1,3,False,False,0,7.38672142368241,10.924436454841596,晴れ,6.23,9.1,14.5
2026-02-20,48070.0,9.1,1,4,False,False,0,7.389459274469542,10.95702480872628,快晴,3.8,9.1,15.83
2026-02-21,48610.0,10.6,1,5,True,False,1,7.392197125256674,10.989831548638971,快晴,5.3,9.1,17.86
2026-02-22,33730.0,7.5,1,6,True,False,1,7.394934976043806,11.022847633600014,晴れ,6.53,9.1,14.93
2026-02-23,49150.0,10.4,1,0,False,True,1,7.397672826830938,11.056064179595328,快晴,5.1000000000000005,9.1,18.1
2026-02-24,27280.0,0.2,0,1,False,False,0,7.40041067761807,11.089472458133766,曇り・雨,2.6300000000000003,0.0,3.21
2026-02-25,24930.0,0.0,0,2,False,False,0,7.403148528405202,11.123063894354518,曇り・雨,2.43,0.0,2.64
2026-02-26,40425.0,7.4,1,3,False,False,0,7.405886379192334,11.156830064704923,晴れ,6.430000000000001,9.1,16.99
2026-02-27,5305.0,0.0,0,4,False,False,0,7.408624229979466,11.190762694208985,曇り・雨,2.43,0.0,2.02
2026-02-28,39745.0,5.8,1,5,True,False,1,7.411362080766598,11.224853653346617,晴れ,4.83,9.1,15.45
2026-03-01,39660.0,9.7,1,6,True,False,1,7.41409993155373,11.259094954563576,快晴,4.3999999999999995,9.1,18.48
2026-03-02,7620.0,0.0,0,0,False,False,0,7.416837782340862,11.2934787484316,曇り・雨,2.43,0.0,2.75
2026-03-03,32955.0,0.0,0,1,False,False,0,7.4195756331279945,11.327997319478118,曇り・雨,2.43,0.0,4.21
2026-03-04,54405.0,6.5,1,2,False,False,0,7.422313483915127,11.362643081704407,晴れ,5.53,9.1,16.57
2026-03-05,52290.0,8.4,1,3,False,False,0,7.425051334702259,11.397408573810802,晴れ,7.430000000000001,9.1,18.07
2026-03-06,14155.0,0.6,0,4,False,False,0,7.427789185489391,11.432286454147071,曇り・雨,3.0300000000000002,0.0,2.52
2026-03-07,48360.0,5.5,1,5,True,False,1,7.430527036276523,11.467269495405722,晴れ,4.53,9.1,15.61
2026-03-08,46410.0,5.1,1,6,True,False,1,7.433264887063655,11.50235057907555,晴れ,4.13,9.1,14.36
2026-03-09,51645.0,5.4,1,0,False,False,0,7.436002737850787,11.537522689672278,晴れ,4.430000000000001,9.1,12.59
2026-03-10,54480.0,9.1,1,1,False,False,0,7.438740588637919,11.572778908762738,晴れ,8.129999999999999,9.1,19.2
2026-03-11,59845.0,10.8,1,2,False,False,0,7.441478439425051,11.608112408798625,快晴,5.500000000000001,9.1,21.38
2026-03-12,52440.0,9.3,1,3,False,False,0,7.444216290212183,11.64351644677538,晴れ,8.33,9.1,19.84
2026-03-13,54530.0,4.1,1,4,False,False,0,7.446954140999315,11.678984357731407,薄曇り〜曇り,6.84,5.7,12.71
2026-03-14,48680.0,6.8,1,5,True,False,1,7.449691991786447,11.714509548102436,晴れ,5.83,9.1,19.16
2026-03-15,41800.0,7.4,1,6,True,False,1,7.452429842573579,11.75008548894542,晴れ,6.430000000000001,9.1,18.39
2026-03-16,53660.0,8.2,1,0,False,False,0,7.455167693360712,11.785705709046084,晴れ,7.2299999999999995,9.1,19.41
2026-03-17,54415.0,10.7,1,1,False,False,0,7.457905544147844,11.821363787923891,快晴,5.3999999999999995,9.1,20.54
2026-03-18,9720.0,0.0,0,2,False,False,0,7.460643394934976,11.85705334874787,曇り・雨,2.43,0.0,2.39
2026-03-19,41610.0,7.7,1,3,False,False,0,7.4633812457221085,11.892768051176587,晴れ,6.73,9.1,18.8
2026-03-20,47800.0,9.5,1,4,False,True,1,7.4661190965092405,11.928501584135189,晴れ,8.53,9.1,21.85
2026-03-21,42765.0,11.2,1,5,True,False,1,7.468856947296373,11.964247658542385,快晴,5.8999999999999995,9.1,23.13
2026-03-22,21475.0,1.6,0,6,True,False,1,7.471594798083505,12.0,曇り・雨,4.03,0.0,9.37
2026-03-23,50025.0,10.1,1,0,False,False,0,7.474332648870637,12.035752341457613,快晴,4.8,9.1,21.81
2026-03-24,45685.0,8.8,1,1,False,False,0,7.477070499657769,12.07149841586481,晴れ,7.830000000000001,9.1,19.52
2026-03-25,10450.0,0.0,0,2,False,False,0,7.479808350444901,12.107231948823411,曇り・雨,2.43,0.0,4.21
2026-03-26,50420.0,9.4,1,3,False,False,0,7.482546201232033,12.142946651252128,晴れ,8.43,9.1,21.2
2026-03-27,54930.0,10.0,1,4,False,False,0,7.485284052019165,12.178636212076109,快晴,4.7,9.1,20.85
2026-03-28,46450.0,10.4,1,5,True,False,1,7.488021902806297,12.214294290953914,快晴,5.1000000000000005,9.1,20.61
2026-03-29,41900.0,6.5,1,6,True,False,1,7.490759753593429,12.24991451105458,晴れ,5.53,9.1,19.23
2026-03-30,30615.0,2.1,1,0,False,False,0,7.493497604380561,12.285490451897562,曇り・雨,4.53,0.0,10.88
2026-03-31,31880.0,0.1,0,1,False,False,0,7.496235455167693,12.321015642268591,曇り・雨,2.5300000000000002,0.0,4.01
